ranking,Name,Nation,Club,Club_Country,Age,Overall,Pace,Shooting,Passing,Dribbling,Defending,Physicality,Acceleration,Sprint,Positioning,Finishing,Shot,Long,Volleys,Penalties,Vision,Crossing,Free,Curve,Agility,Balance,Reactions,Ball,Composure,Interceptions,Heading,Def,Standing,Sliding,Jumping,Stamina,Strength,Aggression,Position
0,Alexia Putellas,Spain,FC Barcelona,Spain,29,91,82,90,91,92,72,78,81,82,91,91,94,91,90,91,91,88,89,89,90,89,92,94,92,78,74,60,81,64,84,85,78,70,CM
1,Aitana Bonmatí,Spain,FC Barcelona,Spain,25,90,81,84,83,91,75,73,82,80,91,91,91,87,62,70,90,67,67,76,93,86,91,91,85,88,54,70,81,67,75,80,75,60,CM
2,Sam Kerr,Australia,Chelsea,England,30,90,85,88,74,90,42,85,86,84,92,92,78,67,92,71,79,70,68,76,90,82,89,91,91,24,93,44,39,30,95,87,88,70,ST
3,Caroline Graham Hansen,Norway,FC Barcelona,Spain,28,90,89,86,88,93,47,75,90,88,87,86,89,84,83,71,89,90,77,90,94,75,83,90,84,35,71,45,50,46,84,84,74,66,RW
4,Kadidiatou Diani,France,OL,France,28,89,89,85,83,88,56,77,88,90,91,90,87,74,74,71,85,84,70,74,89,84,87,90,84,55,81,46,59,49,86,81,84,52,RW
6,Alex Morgan,United States,San Diego Wave,USA,34,89,83,89,80,89,47,77,82,84,90,94,89,82,83,88,75,71,73,68,83,67,82,92,91,46,84,41,43,39,90,87,81,53,ST
7,Ada Hegerberg,Norway,OL,France,28,89,75,89,77,90,39,76,73,77,93,91,83,72,90,84,76,71,75,79,74,48,90,90,86,23,92,42,33,30,89,75,80,65,ST
10,Alexandra Popp,Germany,VfL Wolfsburg,Germany,32,88,73,87,76,81,52,88,72,73,91,86,83,64,88,86,74,74,73,73,71,84,88,85,82,44,94,45,52,48,93,85,91,84,ST
11,Debinha,Brazil,KC Current,USA,31,88,84,81,87,93,46,68,83,84,87,82,87,85,86,78,90,85,80,89,90,94,77,91,84,49,56,49,39,44,72,81,61,70,CAM
12,Sophia Smith,United States,Portland Thorns,USA,23,88,93,85,78,88,45,82,92,93,88,88,86,75,80,78,74,73,72,74,84,86,89,91,74,43,79,41,42,39,92,93,82,68,ST
13,Guro Reiten,Norway,Chelsea,England,29,88,88,80,86,84,60,63,86,89,88,82,86,82,61,69,87,93,80,74,92,89,89,86,88,65,50,60,60,57,66,92,50,58,LW
15,Marie Katoto,France,Paris SG,France,24,88,83,88,77,84,39,71,85,82,91,90,85,70,91,82,79,71,72,71,80,65,85,87,85,27,91,37,35,30,93,72,80,44,ST
16,Patri Guijarro,Spain,FC Barcelona,Spain,25,88,78,82,83,86,81,72,77,78,80,80,90,93,58,70,83,69,66,75,77,82,85,90,84,83,84,80,81,80,86,78,75,55,CM
17,Fridolina Rolfö,Sweden,FC Barcelona,Spain,29,87,82,82,82,90,83,80,84,81,84,82,90,75,81,71,82,82,63,74,77,68,87,90,81,83,78,83,85,80,86,81,91,50,LB
19,Beth Mead,England,Arsenal,England,28,87,81,84,84,90,67,73,80,81,87,85,85,74,73,68,87,88,88,81,72,84,89,90,82,73,68,61,69,68,83,81,84,31,RW
20,Ewa Pajor,Poland,VfL Wolfsburg,Germany,26,87,85,89,63,89,21,69,86,85,90,93,74,49,89,89,71,47,66,64,90,83,79,90,89,20,74,18,12,10,87,82,79,23,ST
23,Rose Lavelle,United States,OL Reign,United States,28,87,86,78,84,90,45,65,85,86,85,81,91,85,68,74,86,74,69,72,80,85,84,87,79,48,44,41,48,45,65,80,58,63,CAM
27,Lauren Hemp,England,Manchester City,England,23,86,90,76,84,87,63,68,90,90,83,76,81,79,69,68,83,92,80,86,90,91,86,88,70,69,63,56,69,57,76,88,60,59,LW
28,Grace Geyoro,France,Paris SG,France,26,86,77,72,82,82,83,78,82,73,80,75,89,86,52,59,83,70,65,72,74,79,87,86,79,88,64,80,90,80,79,93,74,71,CM
29,Jill Roord,Holland,Manchester City,England,26,86,77,84,84,85,52,73,78,76,86,82,87,82,80,74,87,78,80,81,80,75,87,87,82,57,59,59,46,34,80,76,83,44,CAM
30,Vivianne Miedema,Holland,Arsenal,England,27,86,82,85,70,87,32,81,84,80,89,85,79,56,83,75,69,64,73,76,80,73,87,89,90,27,82,22,30,23,92,83,84,70,ST
32,Lindsey Horan,United States,OL,France,29,86,78,84,86,85,63,78,79,77,87,83,90,90,78,70,88,79,87,68,79,62,86,87,81,69,89,59,60,49,92,83,81,63,CM
34,Lea Schüller,Germany,FC Bayern München,Germany,25,86,86,83,70,80,33,73,85,86,91,92,77,61,73,74,68,66,65,78,77,77,87,86,74,31,87,24,26,27,91,81,75,55,ST
36,Mallory Swanson,United States,Chicago Red Stars,USA,25,86,93,82,82,84,42,71,92,93,88,83,86,79,70,81,84,81,71,77,82,88,86,86,78,43,68,36,41,39,79,89,62,70,LW
37,Cristiana Girelli,Italy,Juventus,Italy,33,86,81,85,71,80,46,78,82,80,91,92,78,56,79,87,79,59,78,77,70,71,88,85,81,45,88,39,43,40,92,71,80,79,ST
41,Rachel Daly,England,Aston Villa,England,31,85,77,85,76,84,64,76,78,76,89,90,80,66,77,85,79,79,52,77,72,67,85,87,69,45,78,69,68,65,88,81,81,54,ST
46,Katie McCabe,Republic of Ireland,Arsenal,England,28,85,80,74,80,78,81,82,81,79,79,76,84,79,69,74,68,87,75,78,84,85,80,80,84,81,74,86,79,78,83,92,73,94,LB
47,Asisat Oshoala,Nigeria,FC Barcelona,Spain,29,85,91,84,78,87,50,85,92,91,82,90,80,77,85,72,75,79,75,77,91,84,82,82,72,50,78,45,47,49,90,78,92,75,ST
48,Megan Rapinoe,United States,OL Reign,United States,38,85,73,85,83,86,46,72,72,73,88,86,86,77,70,91,80,86,81,90,80,80,80,89,91,47,72,41,45,39,80,70,75,67,LM
50,Khadija Shaw,Jamaica,Manchester City,England,26,85,69,85,69,78,30,85,69,69,88,90,75,65,77,75,79,59,56,58,55,45,84,80,86,25,89,23,25,17,92,79,92,71,ST
59,Catarina Macario,United States,Chelsea,England,24,84,81,83,80,90,57,73,82,80,80,83,81,74,74,76,83,79,82,90,84,84,78,92,86,59,72,53,59,47,83,79,71,70,CAM
61,Sara Däbritz,Germany,OL,France,28,84,76,81,84,89,74,73,75,76,79,81,87,85,69,70,86,78,75,83,86,67,80,88,80,80,52,77,76,68,74,77,78,53,CM
62,Linda Dallmann,Germany,FC Bayern München,Germany,29,84,77,77,79,87,46,61,79,75,83,83,84,81,69,65,83,69,65,75,91,85,85,85,76,50,34,46,48,44,58,78,54,57,CAM
64,Crystal Dunn,United States,Portland Thorns,USA,31,84,87,77,83,84,77,81,86,88,85,76,86,82,75,80,84,83,68,80,83,92,81,87,83,79,54,81,80,79,80,84,81,75,CAM
65,Jess Fishlock,Wales,OL Reign,United States,36,84,75,81,80,80,75,73,76,75,83,82,86,83,75,76,86,66,73,75,76,89,79,87,83,80,54,76,79,67,71,86,69,67,CM
66,Caitlin Foord,Australia,Arsenal,England,28,84,86,77,80,82,45,70,88,85,88,82,85,75,64,59,80,84,54,75,83,88,84,83,79,43,50,45,45,41,72,91,64,60,LW
67,Pernille Harder,Denmark,FC Bayern München,Germany,30,84,81,78,81,90,27,77,80,82,86,78,84,78,73,84,83,78,73,71,77,71,81,88,90,21,76,21,22,23,88,76,81,66,CAM
71,Fran Kirby,England,Chelsea,England,30,84,85,83,78,88,42,57,84,85,88,81,82,77,88,73,77,73,71,74,90,93,86,89,82,35,71,36,43,39,75,67,54,45,CAM
72,Eugénie Le Sommer,France,OL,France,34,84,70,85,79,87,43,71,69,70,89,86,83,69,83,83,83,79,70,81,78,82,84,87,81,33,87,42,40,33,85,70,75,59,ST
73,Amel Majri,France,OL,France,30,84,78,75,85,89,81,73,81,76,82,78,87,77,62,74,81,90,80,89,88,84,83,89,85,85,74,83,79,75,85,61,76,79,CAM
74,Lieke Martens,Holland,Paris SG,France,30,84,77,84,83,88,44,71,78,76,85,85,83,78,78,79,85,82,80,90,84,73,81,90,85,45,57,47,39,34,77,65,76,66,LW
75,Clara Mateo,France,Paris FC,France,25,84,82,83,81,85,59,72,80,84,86,85,85,79,79,72,83,74,74,76,77,78,80,86,85,60,73,56,59,48,80,92,66,60,RM
76,Yuki Nagasato,Japan,Chicago Red Stars,USA,36,84,80,80,81,84,49,73,83,77,84,82,86,81,68,72,85,71,72,72,92,81,82,86,81,49,63,48,45,46,79,79,71,68,CAM
79,Trinity Rodman,United States,Washington Spirit,USA,21,84,94,81,77,82,43,83,93,94,82,83,81,70,71,76,78,79,68,71,88,82,84,84,80,41,69,38,42,38,88,88,81,80,RW
80,Alessia Russo,England,Arsenal,England,24,84,82,82,68,86,39,72,81,82,85,86,78,54,77,64,69,64,52,64,81,73,80,83,84,34,89,29,37,35,93,72,79,49,ST
82,Georgia Stanway,England,FC Bayern München,Germany,24,84,80,79,80,88,76,75,81,79,77,79,90,84,68,86,84,60,74,69,84,76,85,86,69,77,43,82,81,78,67,83,66,87,CDM
84,Marta,Brazil,Orlando Pride,USA,37,84,72,82,85,90,44,74,74,70,86,80,82,79,89,86,92,85,84,89,80,92,78,88,89,47,53,48,37,36,71,83,71,73,CAM
85,Caroline Weir,Scotland,Real Madrid CF,Spain,28,84,72,83,84,85,74,67,72,72,84,83,89,82,70,61,86,73,84,83,70,88,83,85,85,76,60,75,80,63,70,83,61,62,CAM
86,Rasheedat Ajibade,Nigeria,Atlético de Madrid,Spain,23,83,88,83,70,85,37,76,88,88,85,85,75,60,80,70,69,69,70,75,77,82,81,85,82,21,75,31,40,42,91,84,84,42,ST
88,Barbara Bonansea,Italy,Juventus,Italy,32,83,79,81,75,88,29,74,80,79,90,84,79,69,79,71,78,75,67,70,78,68,88,88,80,25,75,28,19,28,82,83,70,70,RW
89,Mathilde Bourdieu,France,Paris FC,France,24,83,80,84,71,80,36,74,83,77,86,87,80,59,81,71,71,64,69,71,73,83,82,87,80,26,72,34,34,30,88,72,82,53,ST
90,Klara Bühl,Germany,FC Bayern München,Germany,22,83,82,85,77,83,34,69,81,82,84,89,80,72,78,70,77,78,64,71,88,76,83,85,73,41,77,34,21,20,86,80,73,40,LM
92,Arianna Caruso,Italy,Juventus,Italy,23,83,74,79,82,89,70,72,75,73,84,80,86,75,86,73,84,80,77,80,80,79,85,89,79,72,76,62,74,67,79,84,64,75,CM
94,Erin Cuthbert,Scotland,Chelsea,England,25,83,78,80,81,84,75,69,77,79,83,80,84,80,68,66,84,78,77,76,62,87,82,85,81,78,56,69,83,80,71,85,65,60,CM
95,Ludmila,Brazil,Atlético de Madrid,Spain,28,83,87,81,69,85,38,79,87,87,84,82,75,54,80,65,75,61,65,77,88,82,82,84,75,37,78,42,19,41,94,80,88,51,ST
99,Laura Freigang,Germany,Frankfurt,Germany,25,83,81,84,72,82,26,72,82,81,89,88,81,77,79,70,79,45,68,69,66,79,86,85,81,20,81,21,21,17,90,80,77,46,CAM
100,Leah Galton,England,Manchester Utd,England,29,83,73,82,82,84,60,79,72,73,86,82,86,78,76,62,84,83,67,76,65,65,86,85,84,61,68,56,62,60,82,81,85,62,LM
105,Lauren James,England,Chelsea,England,22,83,87,78,80,89,28,80,90,84,80,77,78,78,71,70,81,86,73,81,63,77,79,90,74,22,66,24,26,24,89,73,90,63,RW
108,Racheal Kundananji,Zambia,Madrid CFF,Spain,23,83,91,82,69,85,40,87,91,91,80,85,70,60,78,75,69,69,73,76,80,78,80,84,81,40,79,35,35,35,95,82,91,80,ST
109,Dzsenifer Marozsán,Germany,OL,France,31,83,74,81,85,89,57,74,76,73,79,77,86,78,88,90,85,86,83,92,80,68,80,88,86,69,61,55,53,51,79,64,79,73,CAM
117,Lara Prašnikar,Slovenia,Frankfurt,Germany,25,83,75,84,69,84,44,75,75,75,88,90,81,66,84,70,76,46,68,67,73,75,84,88,72,51,80,41,34,36,84,84,73,67,ST
118,Christen Press,United States,Angel City FC,USA,34,83,84,83,80,84,46,75,82,85,85,85,86,75,82,82,79,75,75,78,83,64,81,88,84,43,82,42,42,38,89,86,73,62,ST
119,Mayra Ramírez,Colombia,Levante UD,Spain,24,83,89,83,75,85,33,86,88,90,81,85,78,65,80,75,81,75,61,68,91,86,81,84,81,22,79,32,24,34,95,93,88,71,ST
123,Tabea Sellner,Germany,VfL Wolfsburg,Germany,27,83,81,80,80,81,28,70,82,80,86,79,84,71,72,70,86,80,60,69,81,72,87,84,76,22,59,28,24,20,69,76,69,65,LM
124,Christine Sinclair,Canada,Portland Thorns,USA,40,83,66,86,83,84,44,82,65,67,89,84,86,83,86,86,87,77,75,78,57,62,78,88,93,49,74,42,35,34,84,77,90,67,CAM
126,Ella Toone,England,Manchester Utd,England,24,83,81,79,77,92,51,65,83,80,86,80,83,70,75,59,82,76,56,70,67,84,83,82,82,45,69,41,57,56,78,84,64,38,CAM
129,Lynn Williams,United States,NJ/NY Gotham,USA,30,83,92,82,74,79,46,73,91,92,86,82,78,69,77,83,71,73,73,70,83,80,84,84,83,46,81,40,42,38,91,84,72,59,ST
130,Ramona Bachmann,Switzerland,Paris SG,France,32,82,71,81,78,82,53,78,74,69,87,83,80,70,69,69,84,79,69,74,79,80,85,86,75,56,61,53,51,43,78,72,80,79,LW
132,Lineth Beerensteyn,Holland,Juventus,Italy,26,82,89,79,71,87,52,75,90,89,81,85,79,66,65,64,70,67,57,72,82,88,85,87,77,48,68,52,52,45,85,77,77,63,LW
133,Nicole Billa,Austria,TSG Hoffenheim,Germany,27,82,82,83,68,82,42,80,81,82,84,87,75,50,79,66,65,71,69,70,76,84,78,84,78,42,78,42,33,34,92,69,87,73,ST
135,Ana-Maria Crnogorčević,Switzerland,Atlético de Madrid,Spain,33,82,79,79,76,83,72,82,77,80,85,81,81,74,74,71,74,77,62,71,90,90,88,84,80,70,81,69,74,71,85,80,84,80,RW
136,Kenza Dali,France,Aston Villa,England,32,82,72,79,82,89,68,71,76,68,83,79,84,80,68,68,84,78,83,79,75,84,81,85,80,77,57,69,72,49,75,81,73,51,CM
137,Vanessa DiBernardo,United States,KC Current,USA,31,82,75,76,78,83,65,73,76,75,86,76,85,78,54,71,84,64,74,70,83,85,77,85,81,73,53,60,73,48,72,82,71,65,CM
139,Nerea Eizagirre,Spain,Real Sociedad,Spain,23,82,79,82,79,85,63,66,80,78,80,84,82,77,53,80,80,70,83,84,91,92,78,86,75,68,79,45,72,60,83,72,67,52,LW
140,Jun Endo,Japan,Angel City FC,USA,23,82,86,77,75,80,45,70,85,86,85,79,77,70,71,70,78,78,62,69,81,82,83,83,72,47,51,43,43,42,75,91,72,35,LM
142,Bethany England,England,Spurs,England,29,82,66,84,67,79,40,72,64,67,86,86,79,54,80,75,66,59,60,74,54,79,78,81,78,37,87,42,29,26,86,73,79,49,ST
143,Paula Fernández,Spain,Levante UD,Spain,24,82,77,76,80,80,76,78,76,77,79,79,85,80,63,61,81,75,70,66,72,74,80,81,77,84,74,72,81,61,86,89,82,50,CM
144,Gabriela García,Venezuela,Atlético de Madrid,Spain,26,82,69,82,78,81,80,84,68,69,81,84,84,72,68,75,84,71,70,69,74,72,82,84,81,84,91,75,82,72,90,91,82,79,CDM
146,Chantal Hagel,Germany,VfL Wolfsburg,Germany,25,82,59,79,78,79,73,78,66,54,83,76,84,78,78,81,81,69,69,74,73,76,85,83,81,79,65,69,77,64,76,83,78,72,CM
148,Ashley Hatch,United States,Washington Spirit,USA,28,82,70,84,72,79,46,69,71,69,86,87,83,70,76,78,69,59,72,61,80,64,83,85,78,40,80,40,48,39,85,72,77,41,ST
150,Sofia Jakobsson,Sweden,San Diego Wave,USA,33,82,81,78,78,83,54,72,80,81,81,82,81,76,76,79,75,84,62,76,80,57,76,82,77,58,69,63,40,41,80,86,71,54,LM
154,Sydney Lohmann,Germany,FC Bayern München,Germany,23,82,71,78,77,82,70,82,70,72,85,79,85,79,58,61,82,65,62,67,78,67,85,82,76,78,60,78,60,73,80,76,90,68,CAM
155,Frida Maanum,Norway,Arsenal,England,24,82,66,81,81,82,72,66,66,66,84,83,84,80,57,67,82,77,76,75,75,67,79,80,80,82,60,61,80,74,67,81,60,60,CM
157,Melvine Malard,France,Manchester Utd,England,23,82,80,79,78,85,40,66,83,78,79,82,81,71,84,67,79,79,67,73,84,66,78,85,78,30,68,38,40,34,79,67,70,52,LW
160,Tanja Pawollek,Poland,Frankfurt,Germany,24,82,56,76,77,79,78,77,68,47,78,79,87,79,59,65,83,57,69,70,73,74,86,82,70,83,54,82,80,75,71,82,76,73,CM
163,Alba Redondo,Spain,Levante UD,Spain,27,82,83,82,70,84,26,64,84,83,81,85,81,64,77,74,66,65,59,59,84,76,81,85,75,21,82,16,23,18,87,75,67,37,ST
166,Ashley Sanchez,United States,Washington Spirit,USA,24,82,80,79,77,83,38,69,81,79,80,79,80,76,73,71,84,67,74,70,85,80,83,84,82,32,75,37,31,33,84,80,72,42,CAM
167,Ouleymata Sarr,France,Washington Spirit,USA,28,82,90,77,77,83,46,76,87,92,81,80,83,73,69,69,76,72,68,74,79,64,78,86,81,39,79,47,41,36,92,78,80,58,LM
168,Amaiur Sarriegi,Spain,Real Sociedad,Spain,22,82,89,78,74,83,46,80,88,89,80,85,79,70,47,67,74,75,58,70,92,92,80,86,82,35,81,32,56,49,93,91,80,61,RW
169,Olivia Schough,Sweden,FC Rosengård,Sweden,32,82,79,80,77,83,41,73,79,79,84,83,83,65,70,74,79,79,54,74,74,61,83,83,75,28,70,44,39,37,82,79,78,52,LW
174,Ángela Sosa,Spain,Levante UD,Spain,30,82,74,83,83,86,64,75,75,73,80,81,85,80,70,79,82,79,85,90,82,82,70,83,84,63,45,70,69,53,73,90,68,75,CAM
175,Hina Sugita,Japan,Portland Thorns,USA,26,82,73,79,82,81,73,67,75,71,83,80,86,82,77,69,86,78,66,68,92,84,84,85,76,72,65,74,78,69,71,86,59,60,RW
176,Gaëtane Thiney,France,Paris FC,France,37,82,58,79,83,83,50,69,55,60,86,80,85,79,79,80,86,79,79,84,70,65,88,84,81,44,75,48,52,41,75,70,75,52,CAM
177,Daniëlle van de Donk,Holland,OL,France,32,82,72,76,79,86,62,74,76,69,79,77,82,80,69,73,82,74,69,79,85,88,80,88,84,65,56,55,70,62,71,82,65,87,CAM
181,Nataša Andonova,North Macedonia,Levante UD,Spain,29,81,74,80,79,83,28,64,75,73,80,81,84,71,75,77,81,73,80,75,75,80,81,81,81,25,75,19,25,20,77,77,61,52,CAM
184,Stina Blackstenius,Sweden,Arsenal,England,27,81,83,83,60,85,39,75,80,85,86,85,66,43,78,65,67,53,55,64,68,67,82,80,80,36,62,43,32,26,83,75,84,52,ST
185,Jule Brand,Germany,VfL Wolfsburg,Germany,20,81,91,73,74,80,54,72,90,92,80,80,79,68,58,56,74,76,59,64,77,71,79,85,74,47,68,50,59,55,75,80,70,68,LW
186,Mariona,Spain,FC Barcelona,Spain,27,81,76,78,80,85,57,77,75,77,83,80,83,74,56,89,83,79,72,75,73,93,73,83,84,41,61,57,65,61,70,91,75,65,LW
188,Danielle Colaprico,United States,San Diego Wave,USA,30,81,79,75,78,79,75,72,81,78,80,77,83,81,73,71,85,65,67,70,80,87,77,83,76,81,56,79,75,66,73,84,66,70,CM
190,Geyse,Brazil,Manchester Utd,England,25,81,90,79,74,84,34,87,90,90,83,82,79,72,75,72,74,67,64,77,92,92,78,84,81,24,71,32,27,47,86,84,89,85,ST
192,Athenea,Spain,Real Madrid CF,Spain,22,81,81,77,74,86,24,67,82,81,80,79,81,57,72,63,80,73,60,60,72,73,80,85,72,21,77,16,18,15,81,78,58,70,RW
193,Melchie Dumornay,Haiti,OL,France,20,81,92,82,78,84,59,67,91,93,80,84,83,73,74,69,79,70,74,86,89,85,77,84,83,59,69,52,64,53,82,74,68,53,ST
200,Rachel Hill,United States,San Diego Wave,USA,28,81,81,78,79,78,48,65,80,81,82,81,82,79,61,78,83,75,69,71,83,55,77,80,78,47,58,48,44,47,70,81,57,62,RM
201,Synne Jensen,Norway,Real Sociedad,Spain,27,81,80,82,74,81,28,76,81,80,81,85,80,72,77,77,70,67,73,80,83,72,81,82,76,16,75,32,16,30,87,76,79,64,ST
202,Ewelina Kamczyk,Poland,FC Fleury 91,France,27,81,77,76,79,82,42,64,74,80,82,78,82,73,62,73,84,77,69,80,83,77,76,85,78,38,59,42,42,35,70,78,62,48,CAM
203,Lo'eau LaBonta,United States,KC Current,USA,30,81,84,79,78,77,73,78,83,85,81,79,82,78,81,81,80,74,67,77,80,90,78,81,79,82,57,69,78,67,77,94,71,77,CM
207,Alisha Lehmann,Switzerland,Aston Villa,England,24,81,78,76,74,86,57,67,79,77,83,75,75,56,68,78,81,81,69,74,82,57,82,83,71,47,39,54,68,67,61,82,57,74,RW
208,Sydney Leroux,United States,Angel City FC,USA,33,81,76,82,77,73,44,79,77,76,87,84,84,76,76,81,74,71,73,71,82,62,76,81,82,41,77,40,41,37,89,85,81,64,ST
209,Melanie Leupolz,Germany,Chelsea,England,29,81,79,75,78,86,79,73,81,77,82,76,83,80,65,70,83,69,55,80,82,65,81,84,80,78,77,81,79,76,85,73,70,77,CDM
211,Janina Minge,Germany,SC Freiburg,Germany,24,81,72,79,77,79,69,74,74,70,85,78,79,78,77,77,80,69,69,78,80,77,85,84,74,86,66,59,75,51,79,80,78,56,CM
212,Jordan Nobbs,England,Aston Villa,England,30,81,75,77,81,83,67,64,79,72,82,77,86,80,73,66,82,74,69,83,80,85,79,85,81,69,50,69,72,55,67,77,59,58,CM
213,Gabi Nunes,Brazil,Levante UD,Spain,26,81,84,80,74,83,39,84,83,85,82,82,80,65,72,69,75,68,70,77,76,83,81,80,80,15,73,41,41,44,92,74,91,75,ST
216,Midge Purce,United States,NJ/NY Gotham,USA,28,81,91,76,76,79,42,72,92,91,82,80,79,74,67,72,75,78,63,74,82,80,77,80,68,46,50,38,41,43,78,81,75,50,RW
218,María Sánchez,Mexico,Houston Dash,USA,27,81,85,73,76,81,43,69,86,85,84,75,78,67,60,72,82,79,61,77,81,82,77,83,72,45,51,40,43,42,73,85,67,52,LW
220,Nicole Anyomi,Germany,Frankfurt,Germany,23,80,85,75,73,84,57,80,81,88,78,78,81,64,67,58,67,75,64,66,83,75,76,86,80,45,84,51,59,64,94,84,83,64,ST
221,Viviane Asseyi,France,West Ham,England,29,80,88,78,75,81,50,71,87,89,85,84,79,60,69,74,78,78,70,69,79,78,78,83,78,48,70,45,52,40,85,72,77,49,ST
222,Leire Baños,Spain,Levante UD,Spain,26,80,76,76,75,80,79,82,75,77,80,77,80,69,68,66,81,69,72,70,82,72,79,79,77,79,67,81,85,70,82,84,83,75,CDM
224,Kessya Bussy,France,Paris FC,France,22,80,81,78,73,86,38,54,80,81,80,80,77,68,63,74,76,69,63,74,82,79,74,85,77,31,62,34,38,36,64,74,44,53,LM
225,Deyna Castellanos,Venezuela,Manchester City,England,24,80,74,83,77,86,55,70,75,74,83,85,83,77,81,71,82,64,73,80,71,69,81,86,77,59,79,37,65,42,83,76,70,60,CM
233,Jessie Fleming,Canada,Chelsea,England,25,80,82,77,77,82,68,54,86,79,79,80,84,81,43,67,78,69,65,65,84,93,78,81,82,69,58,66,74,62,64,78,43,50,CM
235,Maëlle Garbino,France,Juventus,Italy,27,80,73,77,77,82,53,60,72,73,81,83,81,75,66,63,78,74,71,75,80,83,75,85,83,57,52,53,56,41,62,80,53,53,CAM
236,Lucía García,Spain,Manchester Utd,England,25,80,89,80,71,83,33,63,88,89,84,80,78,56,79,68,73,72,58,64,78,76,74,83,81,29,72,39,22,17,84,69,69,34,RM
243,Hasret Kayikci,Germany,SC Freiburg,Germany,31,80,81,75,76,84,56,73,84,78,86,76,81,74,69,66,76,68,71,74,90,81,81,88,77,73,72,24,70,55,86,84,75,53,CM
246,Rosemonde Kouassi,Côte d'Ivoire,FC Fleury 91,France,21,80,94,81,65,74,37,69,94,94,82,84,76,56,74,67,63,55,59,68,85,81,78,82,80,28,66,35,36,32,81,72,66,70,ST
248,Léa Le Garrec,France,FC Fleury 91,France,30,80,57,80,81,78,68,73,64,51,78,78,83,80,76,75,82,80,73,82,61,75,79,81,75,73,67,66,68,65,70,84,66,75,CM
250,Erëleta Memeti,Kosovo,TSG Hoffenheim,Germany,24,80,81,70,76,79,51,59,82,81,87,76,79,71,68,55,77,81,59,67,81,73,78,83,67,51,33,53,59,40,60,66,56,58,LW
252,Sam Mewis,United States,KC Current,USA,31,80,59,76,78,77,75,81,56,61,79,75,83,80,63,71,83,66,69,69,59,58,80,85,83,76,77,76,76,67,84,74,89,71,CM
255,Géraldine Reuteler,Switzerland,Frankfurt,Germany,24,80,87,75,77,81,56,75,86,87,86,76,87,78,69,66,71,69,63,66,80,61,85,89,78,46,68,42,73,50,83,81,75,66,CM
256,Faustine Robert,France,Montpellier,France,29,80,88,78,77,77,51,54,86,90,80,76,79,71,68,71,73,81,82,80,85,69,75,81,78,43,48,48,59,52,57,83,34,69,RM
261,Morgan Weaver,United States,Portland Thorns,USA,25,80,81,78,78,79,45,76,82,81,78,81,82,75,66,76,75,82,62,79,81,55,80,79,71,43,78,37,43,42,90,81,80,54,LW
270,Vicki Becho,France,OL,France,20,79,84,77,70,88,45,65,82,86,81,79,78,62,74,68,65,70,63,68,79,69,79,86,84,38,72,40,46,39,82,63,69,52,ST
271,Sharon Beck,Israel,1. FC Köln,Germany,28,79,74,77,75,81,62,79,75,73,83,78,78,72,76,66,77,71,69,79,67,81,80,83,83,65,80,54,64,53,91,70,86,72,CAM
272,Janine Beckie,Canada,Portland Thorns,USA,29,79,86,74,75,79,44,66,85,86,79,75,76,68,68,67,79,77,63,72,80,71,75,80,72,47,64,41,41,40,76,78,60,61,LW
275,Dagný Brynjarsdóttir,Iceland,West Ham,England,32,79,64,73,71,73,79,83,63,64,80,76,82,79,60,79,79,48,55,45,74,40,80,76,78,76,84,80,79,75,88,82,86,75,CM
276,Jelena Čanković,Serbia,Chelsea,England,28,79,73,79,75,83,59,71,73,73,85,79,80,78,78,65,76,65,65,78,67,70,78,85,78,67,69,43,67,58,75,78,68,70,CM
279,Grace Chanda,Zambia,Madrid CFF,Spain,26,79,85,80,67,83,35,75,85,85,77,82,73,69,81,74,70,50,69,65,72,73,80,81,75,35,70,30,27,41,86,77,80,55,ST
286,Jovana Damnjanović,Serbia,FC Bayern München,Germany,28,79,77,77,70,75,43,78,75,79,83,82,75,54,73,63,72,76,68,62,72,59,85,79,68,33,79,38,41,44,86,83,75,79,ST
289,Makenzy Doniak,United States,San Diego Wave,USA,29,79,79,80,71,74,41,69,78,79,83,81,79,68,75,76,56,73,71,68,70,59,76,82,70,33,73,38,39,36,83,68,74,55,ST
294,Meret Felde,Germany,SC Freiburg,Germany,24,79,55,71,76,79,71,70,65,47,79,75,80,78,50,63,80,70,57,63,66,48,80,82,70,77,62,67,78,55,70,72,68,72,CM
296,Naomie Feller,France,Real Madrid CF,Spain,21,79,91,77,70,83,34,75,91,91,78,80,75,59,73,66,70,71,61,67,82,73,73,81,75,31,69,30,32,20,89,71,82,58,LW
297,Louise Fleury,France,Paris FC,France,26,79,81,73,75,78,44,66,77,85,80,75,80,72,65,60,78,73,58,67,70,75,74,81,76,42,56,46,41,35,72,80,67,44,LM
298,Svenja Fölmli,Switzerland,SC Freiburg,Germany,21,79,78,78,71,77,54,70,79,77,86,80,78,65,73,67,60,75,75,72,81,58,85,81,70,50,77,42,63,43,86,69,74,55,ST
299,Sanni Franssi,Finland,Real Sociedad,Spain,28,79,81,79,64,80,32,76,82,81,79,80,77,57,72,75,42,67,53,72,77,70,80,80,75,20,75,32,24,37,91,69,86,56,ST
306,Shea Groom,United States,Houston Dash,USA,30,79,80,73,78,79,46,64,79,80,81,76,83,77,63,71,77,76,61,75,73,55,76,81,73,48,62,43,43,42,66,84,48,78,CAM
312,Taylor Kornieck,United States,San Diego Wave,USA,24,79,69,78,75,78,51,82,68,69,84,79,81,78,58,72,81,62,69,59,67,55,81,81,84,49,86,48,45,44,92,81,90,61,CAM
313,Melissa Kössler,Germany,TSG Hoffenheim,Germany,23,79,82,80,68,74,45,78,80,83,81,80,74,51,82,70,66,72,69,71,81,75,78,73,74,44,79,39,42,41,91,66,83,77,ST
322,Savannah McCaskill,United States,Angel City FC,USA,27,79,65,80,72,74,43,82,66,64,83,81,77,68,70,76,76,67,68,61,70,70,83,83,75,45,71,38,38,38,83,70,88,82,ST
323,Jessica McDonald,United States,Rac. Louisville,USA,35,79,80,81,73,72,44,72,82,79,84,82,73,64,74,86,70,81,72,78,70,52,77,80,80,45,77,39,40,36,91,64,80,59,ST
328,Nérilia Mondésir,Haiti,Montpellier,France,24,79,87,78,71,80,40,69,88,86,82,82,76,64,69,68,71,72,60,70,81,78,75,83,76,34,69,37,39,33,84,71,73,51,ST
331,Ifeoma Onumonu,Nigeria,NJ/NY Gotham,USA,29,79,88,77,65,74,40,77,87,89,81,79,79,70,74,71,52,51,65,57,74,56,79,77,73,33,74,38,35,37,91,67,82,75,ST
332,Diana Ordóñez,Mexico,Houston Dash,USA,22,79,73,77,65,72,43,68,75,72,84,82,79,70,74,77,56,48,61,54,72,61,82,80,74,37,83,38,39,37,86,65,71,62,ST
335,Lena Petermann,Germany,Leicester City,England,29,79,71,80,66,73,43,75,75,67,85,80,73,58,76,85,68,58,67,69,62,55,78,80,81,30,88,45,38,33,91,78,78,61,ST
338,Nichelle Prince,Canada,Houston Dash,USA,28,79,85,74,72,79,40,58,86,84,82,80,75,64,57,76,73,74,59,69,87,76,78,80,70,31,68,38,39,37,73,85,52,34,RW
342,Ebony Salmon,England,Aston Villa,England,22,79,88,79,75,73,41,67,89,88,79,81,78,70,74,78,66,83,71,79,83,79,74,78,70,34,79,37,38,38,91,64,74,45,ST
343,Leicy Santos,Colombia,Atlético de Madrid,Spain,27,79,74,74,80,82,59,74,72,75,80,75,83,79,66,65,80,80,75,70,73,75,78,80,77,57,60,60,60,55,75,78,73,69,CAM
346,Katja Snoeijs,Holland,Everton,England,27,79,79,81,66,81,43,69,78,80,84,84,74,66,76,73,66,57,56,64,72,57,72,83,79,38,73,41,41,31,81,82,70,48,ST
353,Wang Shuang,China PR,Rac. Louisville,USA,28,79,85,78,74,74,42,71,83,86,79,78,78,67,69,75,76,72,68,66,90,80,79,82,76,40,77,38,36,37,89,71,75,57,RW
364,Signe Bruun,Denmark,Real Madrid CF,Spain,25,78,63,77,63,73,45,79,62,64,82,79,72,50,77,68,60,59,60,63,62,35,77,78,78,43,85,45,37,33,90,60,90,70,ST
367,Laura Coombs,England,Manchester City,England,32,78,69,77,74,78,68,62,68,69,77,79,85,79,71,59,76,58,65,53,65,73,78,79,67,70,45,68,72,70,60,69,60,60,CM
372,Nahikari,Spain,Athletic Club,Spain,26,78,75,78,68,80,23,69,75,75,79,80,77,63,69,80,65,60,70,57,70,76,77,82,67,21,78,15,15,18,85,63,72,65,ST
377,Kirsty Hanson,Scotland,Aston Villa,England,25,78,80,74,77,77,57,72,77,82,77,75,82,76,57,56,78,77,62,62,80,82,76,79,74,41,43,45,79,70,70,67,78,63,LM
381,Giovanna Hoffmann,Germany,SC Freiburg,Germany,25,78,79,76,70,76,46,74,81,77,82,78,78,53,69,58,68,72,66,64,75,71,76,79,69,39,76,26,64,40,90,64,80,68,ST
383,Nikola Karczewska,Poland,Leverkusen,Germany,23,78,74,79,64,79,37,72,69,78,82,81,70,59,74,72,66,58,58,66,48,35,68,81,80,35,80,34,33,18,87,68,83,48,ST
385,Lee Geum Min,Korea Republic,Brighton,England,29,78,80,77,72,78,37,68,78,81,82,77,82,67,75,62,63,70,61,66,80,80,76,80,73,34,71,34,36,21,81,74,70,54,ST
389,Martín-Prieto,Spain,Sevilla FC,Spain,30,78,71,79,69,70,51,85,72,71,80,81,70,60,78,80,75,66,67,76,80,80,77,80,75,50,80,45,50,45,90,92,87,70,ST
401,Hayley Raso,Australia,Real Madrid CF,Spain,29,78,92,71,69,83,34,60,93,92,83,75,76,62,64,59,73,65,48,66,91,92,59,81,81,42,41,26,37,23,61,82,49,60,RW
407,Jéssica Silva,Portugal,SL Benfica,Portugal,28,78,82,76,71,87,33,65,85,79,80,78,76,59,73,74,75,65,68,80,87,78,75,83,85,27,72,32,28,22,83,68,68,48,ST
423,Riola Xhemaili,Switzerland,VfL Wolfsburg,Germany,20,78,73,73,74,80,56,71,73,73,77,76,80,76,72,63,78,58,69,73,71,73,74,80,73,55,56,53,60,55,73,75,73,62,CAM
425,Yvonne Zielinski,Germany,MSV Duisburg,Germany,33,78,74,70,75,80,59,65,75,73,81,80,78,71,64,64,79,76,65,62,55,65,80,77,70,59,49,65,61,42,67,70,67,55,LM
428,Ana Vitória,Brazil,Paris SG,France,23,77,70,72,76,80,50,63,74,67,78,75,82,73,58,75,75,72,67,80,75,64,72,78,81,45,67,40,58,53,73,67,62,56,CAM
437,Sarah Cambot,France,En Avant Guingamp,France,30,77,75,79,73,78,48,67,73,77,83,79,77,65,76,75,72,74,78,68,64,79,81,80,82,48,65,45,49,39,73,89,65,45,ST
458,Elena Julve,Spain,Levante LP,Spain,22,77,80,74,72,82,60,63,81,80,77,75,74,65,69,55,75,69,70,80,89,90,70,80,71,60,67,61,60,50,74,90,58,40,RW
462,Mariana Larroquette,Argentina,Orlando Pride,USA,30,77,78,72,64,80,29,69,79,78,81,79,74,65,71,58,60,52,55,58,70,71,79,80,75,20,77,22,27,25,89,77,77,36,ST
463,Claire Lavogez,France,KC Current,USA,29,77,77,76,77,74,48,75,78,76,79,77,79,76,76,72,80,73,72,72,74,58,74,77,78,47,63,48,43,46,81,75,78,67,CAM
464,Adriana Leon,Canada,Aston Villa,England,31,77,81,76,66,80,35,64,79,82,80,76,76,56,78,59,66,59,65,51,79,77,73,80,73,32,68,32,33,26,78,70,69,40,ST
466,Batcheba Louis,Haiti,FC Fleury 91,France,26,77,90,75,70,75,40,66,91,89,77,77,76,64,82,62,76,64,59,64,82,78,72,78,74,36,71,37,38,31,85,67,69,53,RW
468,Shekiera Martinez,Germany,Frankfurt,Germany,22,77,80,73,69,79,44,73,80,80,77,77,79,64,72,60,71,59,57,63,71,71,80,81,72,33,72,34,49,50,84,72,73,71,ST
471,Caroline Møller,Denmark,Real Madrid CF,Spain,24,77,73,76,70,81,45,75,74,73,79,76,80,65,65,75,69,64,60,52,70,54,81,82,71,46,74,41,40,42,84,78,76,68,LW
477,Macarena Portales,Spain,Valencia CF,Spain,25,77,82,74,73,80,41,72,83,81,80,75,80,65,65,69,75,65,69,72,89,75,70,80,70,40,55,35,45,35,75,79,69,70,LW
482,Sandra Starke,Germany,RB Leipzig,Germany,30,77,81,74,67,79,48,69,80,82,81,76,74,59,65,61,71,60,51,72,65,80,77,83,69,39,69,38,60,38,79,66,70,67,ST
485,Tereza Szewieczková,Czech Republic,Slavia Praha,Czech Republic,25,77,67,74,75,77,69,70,68,67,77,77,78,74,60,63,80,67,68,70,65,72,75,78,69,64,67,70,75,60,71,80,66,69,CM
487,Lindsey Thomas,France,Juventus,Italy,28,77,90,76,66,75,38,64,88,92,78,78,74,59,72,70,63,61,63,57,65,63,74,78,68,36,74,32,38,28,85,68,68,43,ST
489,Erika Tymrak,United States,Orlando Pride,USA,32,77,73,72,74,78,47,60,75,72,81,75,78,76,55,69,78,67,68,59,74,74,79,79,75,47,55,47,46,45,67,72,59,45,CAM
492,Ane Azkona,Spain,Athletic Club,Spain,25,76,81,76,69,77,44,70,82,81,77,80,70,63,66,75,76,65,71,75,82,84,70,80,70,47,66,41,41,37,79,81,68,60,RM
493,Bethany Balcer,United States,OL Reign,United States,26,76,72,76,72,72,39,62,72,72,80,79,80,71,69,71,71,64,65,61,61,60,80,79,68,34,81,32,37,37,84,67,70,32,CAM
512,Toni Duggan,England,Everton,England,32,76,72,77,66,77,29,70,74,70,81,76,77,54,77,67,68,59,54,53,66,76,69,77,78,21,68,25,27,26,81,62,80,50,ST
518,Mary Fowler,Australia,Manchester City,England,20,76,76,74,69,81,46,62,77,75,77,76,72,67,59,59,74,64,56,69,72,77,72,80,74,35,59,38,57,41,74,66,68,38,CAM
530,CeCe Kizer,United States,KC Current,USA,26,76,73,73,71,77,45,65,74,72,78,75,77,74,65,69,71,61,67,61,76,52,79,78,74,47,51,42,45,39,66,80,62,55,LM
533,Cloé Lacasse,Canada,Arsenal,England,30,76,85,74,69,74,26,54,88,83,80,78,73,61,64,63,74,68,60,62,75,62,72,79,75,20,60,19,25,28,76,58,60,28,LW
545,Nadia Nadim,Denmark,Rac. Louisville,USA,35,76,78,73,69,75,46,63,77,79,78,76,75,72,55,72,79,52,65,48,72,61,71,77,81,48,62,48,39,44,72,67,59,67,CAM
569,Martha Thomas,Scotland,Spurs,England,27,76,78,76,59,77,39,70,77,78,81,78,68,45,72,56,55,59,52,60,78,71,74,76,74,46,65,33,35,26,79,72,73,59,ST
572,Aïssata Traoré,Mali,En Avant Guingamp,France,26,76,82,73,70,76,41,75,79,84,78,76,73,61,64,69,76,69,58,64,80,68,75,77,77,35,68,43,36,32,80,81,72,75,LM
578,Rachel Williams,England,Manchester Utd,England,35,76,63,77,64,76,45,72,61,64,85,76,76,53,79,63,65,54,56,61,54,65,69,78,75,42,78,39,45,34,80,70,73,70,ST
584,Nadjma Ali Nadjim,France,Havre AC,France,29,75,89,76,56,71,37,67,85,92,77,78,65,51,71,68,60,39,61,59,73,64,73,77,74,32,70,36,34,30,84,69,73,44,ST
588,Rosella Ayane,Morocco,Spurs,England,27,75,69,75,67,77,38,67,69,69,83,75,69,58,74,72,60,75,64,73,81,78,77,78,78,37,70,36,35,26,73,74,66,59,ST
608,Mélissa Gomes,Portugal,Stade de Reims,France,29,75,79,76,70,80,43,64,84,74,78,75,76,64,69,72,70,65,70,72,84,76,74,78,80,34,72,39,45,34,79,70,58,67,ST
614,Kristen Hamilton,United States,KC Current,USA,31,75,78,75,66,68,42,69,76,79,85,77,71,62,71,72,67,63,66,54,76,81,81,76,82,45,61,37,39,36,77,66,71,66,ST
620,Jordyn Huitema,Canada,OL Reign,United States,22,75,79,75,66,71,40,61,78,79,82,79,74,65,68,70,66,58,63,55,77,34,75,79,69,37,65,38,38,37,79,56,72,37,ST
640,Ramona Maier,Germany,SGS Essen,Germany,28,75,70,75,70,69,47,66,72,69,79,77,75,66,73,60,66,68,73,70,77,73,76,75,74,46,73,28,54,55,81,56,71,60,ST
649,Eva Navarro,Spain,Atlético de Madrid,Spain,22,75,83,74,61,72,23,71,80,86,81,81,62,37,59,61,68,68,59,71,81,85,62,81,71,17,39,16,27,24,67,71,73,69,RW
691,Roselord Borgella,Haiti,Havre AC,France,30,74,81,74,63,67,40,63,78,84,80,76,72,56,70,73,63,52,58,61,69,65,75,72,73,37,73,36,37,31,81,73,68,35,ST
746,Cheyna Matthews,Jamaica,Chicago Red Stars,USA,29,74,70,74,65,71,42,58,71,70,77,76,79,68,68,70,63,45,57,55,63,64,78,79,78,45,72,37,38,36,76,58,61,48,ST
760,Brittany Ratcliffe,United States,NC Courage,USA,29,74,69,72,68,67,41,66,69,69,81,75,75,66,68,69,62,67,59,59,72,72,76,75,71,38,74,37,37,37,77,68,68,56,ST
775,Amalie Vangsgaard,Denmark,Paris SG,France,26,74,72,74,63,69,39,65,64,79,77,78,68,58,72,71,68,57,61,58,48,38,68,76,70,38,79,32,38,29,82,66,74,37,ST
778,Cora Zicai,Germany,SC Freiburg,Germany,18,74,74,74,71,70,51,62,76,72,79,77,76,60,63,54,72,75,55,60,55,58,75,75,67,43,74,44,50,63,81,65,66,43,LW
783,Karen Araya,Chile,Madrid CFF,Spain,32,73,58,75,74,69,66,74,63,54,77,75,80,60,59,78,75,72,75,82,55,77,69,76,71,69,50,64,70,66,66,74,74,76,CM
996,Bruna,Spain,FC Barcelona,Spain,21,72,82,71,61,79,33,59,79,85,77,77,70,51,70,54,70,46,51,63,75,54,77,75,71,43,54,34,21,23,66,66,55,56,ST
5,Mapi León,Spain,FC Barcelona,Spain,28,89,75,74,81,68,90,81,73,77,70,65,88,90,49,64,56,86,88,87,70,86,90,82,91,90,83,91,91,90,87,75,83,84,CB
18,Lucy Bronze,England,FC Barcelona,Spain,31,87,73,68,80,79,85,88,73,73,73,55,82,81,66,62,73,85,72,88,78,70,85,81,87,83,83,85,84,89,84,89,90,82,RB
77,Ashleigh Neville,England,Spurs,England,30,84,77,70,77,80,85,84,77,77,80,74,81,76,68,59,68,79,69,78,68,74,79,76,81,85,83,86,85,83,91,81,84,86,RB
35,Ashley Lawrence,Canada,Chelsea,England,28,86,86,67,82,78,82,78,86,86,73,58,84,81,66,67,82,85,70,78,86,87,86,78,83,80,73,84,86,81,84,86,72,80,RB
9,Wendie Renard,France,OL,France,33,88,53,67,69,69,91,84,53,53,70,65,80,84,55,67,59,53,58,65,53,34,87,75,84,89,94,92,92,81,81,72,91,84,CB
106,Dominique Janssen,Holland,VfL Wolfsburg,Germany,28,83,78,59,75,72,83,80,74,82,63,54,84,76,47,66,70,64,74,74,71,75,85,79,78,82,84,83,83,88,88,78,78,85,CB
25,Selma Bacha,France,OL,France,22,86,87,72,84,80,79,78,92,83,80,65,87,77,49,60,79,92,70,88,94,87,77,81,84,80,58,76,84,87,79,91,71,78,LB
57,Lisa Boattin,Italy,Juventus,Italy,26,84,75,68,81,81,81,86,76,75,54,63,85,80,45,68,76,79,76,81,77,75,89,83,82,83,69,86,80,79,84,88,86,83,LB
96,Sara Doorsoun,Germany,Frankfurt,Germany,31,83,76,58,74,70,85,78,71,80,57,53,83,79,58,56,74,66,42,64,82,80,84,81,79,83,81,86,85,86,84,83,73,82,CB
102,Alex Greenwood,England,Manchester City,England,30,83,70,64,79,67,84,81,69,71,47,60,87,89,43,85,57,79,82,80,65,70,79,84,85,84,83,85,84,78,84,86,75,89,CB
206,Maya Le Tissier,England,Manchester Utd,England,21,81,76,57,75,65,82,79,77,75,59,58,84,80,56,63,58,78,58,70,72,66,81,80,76,84,80,85,80,79,86,88,73,79,CB
43,Kathrin Hendrich,Germany,VfL Wolfsburg,Germany,31,85,72,39,70,66,86,75,71,73,59,31,84,78,30,56,54,62,49,72,78,62,87,80,73,86,84,89,85,85,84,76,71,82,CB
91,Ellie Carpenter,Australia,OL,France,23,83,81,51,78,76,81,78,82,80,60,45,84,85,42,43,65,87,41,71,71,78,78,80,84,83,68,79,87,81,83,73,79,78,RB
97,Magdalena Eriksson,Sweden,FC Bayern München,Germany,30,83,64,46,72,59,85,81,64,64,54,40,80,83,47,56,57,73,52,63,69,61,86,71,84,80,88,89,83,81,87,77,81,86,CB
107,Meghan Klingenberg,United States,Portland Thorns,USA,35,83,77,54,74,73,82,79,79,75,64,45,79,71,53,48,62,84,58,79,84,91,79,79,82,85,74,87,78,81,85,79,78,81,LB
113,Katharina Naschenweng,Austria,FC Bayern München,Germany,25,83,77,50,77,78,82,74,75,78,69,41,81,82,41,62,70,80,57,65,80,81,80,80,71,81,76,82,84,81,80,84,67,78,LB
179,Manuela Vanegas,Colombia,Real Sociedad,Spain,22,82,77,63,73,66,82,78,77,77,60,50,83,73,43,70,61,64,75,77,84,69,81,72,81,82,88,81,82,81,92,72,80,77,CB
103,Giulia Gwinn,Germany,FC Bayern München,Germany,24,83,80,59,77,87,80,69,82,78,78,54,82,81,65,61,71,82,39,78,85,80,83,81,76,79,77,82,81,79,82,81,62,67,LB
93,Steph Catley,Australia,Arsenal,England,29,83,85,66,80,75,78,76,83,86,70,70,86,76,60,52,67,84,75,82,82,74,80,82,80,82,75,80,77,74,85,83,75,66,LB
217,Cecilia Salvai,Italy,Juventus,Italy,29,81,74,49,69,56,82,83,71,76,54,43,82,83,50,52,52,65,43,45,74,70,84,68,76,79,76,86,82,78,87,79,85,80,CB
40,Kadeisha Buchanan,Canada,Chelsea,England,27,85,67,44,58,61,87,85,66,68,46,34,75,71,43,45,47,31,56,51,63,63,78,68,81,85,81,91,86,87,88,79,90,80,CB
110,Griedge Mbock,France,OL,France,28,83,63,55,66,61,85,81,62,64,53,51,80,77,44,59,50,59,45,52,58,53,77,72,79,82,88,82,90,82,82,68,87,83,CB
120,Felicitas Rauch,Germany,VfL Wolfsburg,Germany,27,83,80,51,71,70,81,76,78,81,68,36,79,67,41,57,50,79,80,77,81,90,83,80,70,79,75,83,83,81,83,83,73,73,LB
162,Carson Pickett,United States,Rac. Louisville,USA,30,82,86,54,74,69,79,76,84,87,65,47,78,71,51,47,63,82,57,81,81,52,75,75,78,80,74,81,78,80,85,91,72,66,LB
172,Carolin Simon,Germany,FC Bayern München,Germany,30,82,76,54,74,78,80,71,79,73,70,44,79,75,38,39,59,79,71,70,69,76,83,84,73,79,77,81,81,79,82,79,65,74,LB
187,Viola Calligaris,Switzerland,Paris SG,France,27,81,80,59,73,71,80,79,78,82,60,52,79,71,45,67,67,77,57,62,75,74,74,78,80,78,78,78,83,80,82,78,80,75,RB
273,Nathalie Björn,Sweden,Everton,England,26,79,76,40,71,58,80,78,76,76,52,35,82,79,35,43,55,68,56,65,66,75,78,70,79,81,79,82,78,79,88,77,78,79,CB
287,María De Alharilla,Spain,Levante UD,Spain,32,79,73,53,73,72,79,80,71,74,69,50,76,74,40,71,59,80,71,71,69,81,77,80,72,82,71,81,81,72,83,79,80,80,RB
351,Paula Tomás,Spain,Levante UD,Spain,22,79,82,49,75,75,77,76,80,83,68,44,81,77,38,50,70,77,45,75,78,77,74,77,81,74,80,75,81,72,88,83,74,69,LB
31,Sakina Karchaoui,France,Paris SG,France,27,86,89,61,82,87,79,65,92,87,82,55,86,78,59,53,73,89,67,80,90,85,82,87,86,82,61,78,84,79,72,86,50,72,LB
39,Millie Bright,England,Chelsea,England,30,85,57,50,69,59,86,87,51,62,38,49,84,86,35,59,57,50,52,51,34,37,84,59,85,80,89,90,87,78,86,78,92,88,CB
87,Hannah Blundell,England,Manchester Utd,England,29,83,71,54,72,67,83,72,70,71,65,56,84,76,43,52,48,79,56,63,64,75,82,78,76,85,75,84,84,81,76,82,65,77,LB
104,Marina Hegering,Germany,VfL Wolfsburg,Germany,33,83,66,51,64,62,84,80,65,66,49,60,84,78,37,58,42,40,60,64,73,74,81,78,83,78,86,86,86,82,86,75,80,84,CB
156,Hailie Mace,United States,KC Current,USA,26,82,76,57,74,71,81,74,77,75,62,48,78,71,59,47,70,78,58,79,81,56,79,77,74,81,77,83,80,82,84,82,71,68,LB
196,Sara Gama,Italy,Juventus,Italy,34,81,65,51,71,58,83,79,66,65,48,43,81,79,51,57,58,67,53,62,71,74,87,72,76,80,84,87,82,81,85,80,78,77,CB
214,Mayumi Pacheco,England,Aston Villa,England,25,81,79,51,75,81,78,77,77,80,63,46,82,73,48,68,61,82,69,70,87,61,78,76,63,79,69,82,76,76,76,89,66,90,LB
227,Antônia Silva,Brazil,Levante UD,Spain,29,80,80,48,73,77,78,77,80,80,66,41,79,75,39,49,70,75,42,51,74,72,75,78,81,77,65,80,80,77,80,82,75,75,RB
232,Océane Deslandes,France,Montpellier,France,23,80,68,47,78,73,82,77,63,72,52,43,84,81,39,60,69,80,48,82,44,54,79,79,81,79,80,83,83,79,83,75,78,76,CB
249,Merritt Mathias,United States,Angel City FC,USA,33,80,70,51,72,74,80,82,70,70,59,43,78,71,48,45,53,80,60,79,60,54,77,80,78,81,67,82,81,83,81,77,86,80,RB
251,Carmen Menayo,Spain,Atlético de Madrid,Spain,25,80,78,47,68,67,80,76,81,75,55,55,83,74,33,60,55,62,37,56,60,63,78,81,75,80,84,80,80,78,92,66,77,80,CB
269,Molly Bartrip,England,Spurs,England,27,79,69,53,69,58,81,77,70,68,54,50,81,80,41,70,51,60,70,65,70,75,79,79,78,81,82,85,78,77,82,86,70,80,CB
552,Pisco,Spain,UDG Tenerife,Spain,34,76,66,72,76,70,76,80,67,66,75,67,78,75,69,80,75,77,70,69,72,69,75,70,77,81,75,80,71,69,83,80,82,75,LB
8,Irene Paredes,Spain,FC Barcelona,Spain,32,88,69,51,67,57,89,80,65,72,39,51,85,68,60,51,51,59,40,69,66,65,91,79,75,89,85,92,87,88,79,72,82,87,CB
49,Becky Sauerbrunn,United States,Portland Thorns,USA,38,85,61,44,61,65,87,83,63,60,50,44,71,63,37,43,61,51,36,46,60,63,77,74,82,87,83,92,86,82,88,73,91,76,CB
53,Leah Williamson,England,Arsenal,England,26,85,75,45,73,61,86,76,75,75,31,45,82,92,45,50,63,60,67,60,73,73,90,83,82,86,81,90,84,82,86,70,77,80,CB
63,Paulina Dudek,Poland,Paris SG,France,26,84,64,46,64,67,88,76,60,68,49,44,80,74,39,66,53,45,41,62,57,66,80,70,73,86,88,89,90,83,83,66,75,87,CB
114,Kelley O'Hara,United States,NJ/NY Gotham,USA,35,83,84,56,73,72,81,75,83,84,53,48,79,71,58,45,58,81,61,77,80,80,78,78,81,79,78,82,80,84,88,79,76,62,RB
145,Théa Gréboval,France,Paris FC,France,26,82,64,58,72,59,83,79,63,65,51,47,80,69,38,64,60,71,77,70,56,66,79,70,71,82,85,83,84,80,86,68,82,85,CB
152,Ali Krieger,United States,NJ/NY Gotham,USA,39,82,72,49,67,65,85,79,70,73,48,43,71,63,38,42,51,81,41,79,90,74,75,74,80,83,81,88,85,84,86,79,80,76,CB
199,Verena Hanshaw,Austria,Frankfurt,Germany,29,81,74,58,77,74,79,73,76,73,66,53,86,74,61,66,74,71,63,72,72,76,87,82,79,77,69,86,77,78,76,81,67,75,LB
253,Sjoeke Nüsken,Germany,Chelsea,England,22,80,69,54,73,69,81,73,67,71,61,52,83,76,47,57,72,62,52,61,66,82,83,80,62,83,74,83,82,79,78,70,73,77,CB
295,Jana Feldkamp,Germany,TSG Hoffenheim,Germany,25,79,72,56,67,71,81,76,70,74,58,54,78,77,47,50,60,57,37,62,82,83,75,77,69,82,77,84,80,76,82,75,74,79,CB
320,Noëlle Maritz,Switzerland,Arsenal,England,27,79,77,47,75,65,79,73,76,78,59,38,85,75,43,57,62,77,44,77,81,79,72,75,82,80,74,83,78,72,80,77,68,80,RB
326,Nuria Mendoza,Spain,Levante UD,Spain,27,79,71,56,69,55,81,75,71,71,55,52,80,77,44,61,65,60,46,45,72,73,79,74,66,80,81,80,83,81,87,72,77,70,CB
329,Marie Müller,Germany,SC Freiburg,Germany,23,79,81,69,78,82,76,69,82,80,78,68,81,76,68,60,77,79,69,68,74,80,77,79,73,72,71,80,78,74,82,73,68,64,LB
339,Maximiliane Rall,Germany,FC Bayern München,Germany,29,79,72,69,77,74,76,77,71,73,73,72,80,78,71,63,75,81,53,65,71,77,85,81,77,75,80,80,72,70,88,77,83,59,RB
349,Sofie Svava,Denmark,Real Madrid CF,Spain,23,79,83,53,72,78,76,80,82,83,60,52,75,69,50,68,73,74,57,66,73,51,78,81,71,75,77,75,77,75,84,81,81,73,LB
38,Ona Batlle,Spain,FC Barcelona,Spain,24,85,79,50,78,80,80,71,81,78,66,51,85,77,46,47,71,85,40,77,82,85,83,76,77,81,52,84,84,82,70,90,62,72,RB
127,Glódís Perla Viggósdóttir,Iceland,FC Bayern München,Germany,28,83,72,54,67,41,86,77,71,73,34,53,83,77,49,64,61,42,58,63,66,76,86,80,73,82,86,88,87,84,86,78,74,80,CB
149,Sofia Huerta,United States,OL Reign,United States,30,82,80,56,74,75,77,73,81,79,65,46,79,71,59,48,64,82,60,78,81,78,78,81,78,75,76,80,76,80,86,90,72,51,RB
159,Leila Ouahabi,Spain,Manchester City,England,30,82,75,52,71,67,81,73,74,75,60,51,83,73,30,46,47,80,44,70,69,72,80,81,68,79,77,85,81,81,85,79,76,55,LB
171,Linda Sembrant,Sweden,Juventus,Italy,36,82,69,33,60,72,83,80,69,69,35,32,82,82,24,55,47,28,46,26,64,58,85,80,73,83,85,87,79,76,86,80,78,84,CB
182,Lauren Barnes,United States,OL Reign,United States,34,81,75,47,70,73,80,78,75,75,58,41,72,63,57,47,62,80,58,78,73,81,78,79,81,82,69,81,80,82,80,81,78,76,LB
197,Hanna Glas,Sweden,KC Current,USA,30,81,77,50,70,65,81,79,76,78,38,59,78,73,32,44,67,70,31,55,80,66,80,75,75,80,78,84,80,79,87,85,79,71,RB
226,Niamh Charles,England,Chelsea,England,24,80,79,65,78,75,76,68,78,80,75,65,83,79,61,56,78,79,45,77,65,73,77,77,81,74,74,75,79,77,80,79,65,57,RB
247,Maëlle Lakrar,France,Montpellier,France,23,80,76,46,67,68,83,74,70,80,48,43,80,75,36,39,58,59,39,57,61,54,75,77,76,78,85,81,87,83,85,75,73,72,CB
259,Marion Torrent,France,Montpellier,France,31,80,70,58,72,74,79,73,71,69,65,52,80,78,45,59,54,78,53,67,71,86,78,77,76,80,67,76,84,82,74,80,68,75,RB
340,Cinta Rodríguez,Spain,Atlético de Madrid,Spain,23,79,71,46,69,55,80,79,66,75,66,51,79,70,30,68,65,66,38,46,66,70,81,83,70,79,70,80,84,79,80,71,85,73,CB
344,Letícia Santos,Brazil,Frankfurt,Germany,28,79,86,41,69,72,76,71,87,86,74,31,75,72,47,41,66,71,29,68,87,81,80,76,66,73,61,81,77,74,76,88,60,75,RB
403,Kenti Robles,Mexico,Real Madrid CF,Spain,32,78,67,61,72,71,79,77,66,68,61,50,80,71,60,72,60,69,70,72,74,80,80,74,72,82,70,80,79,77,77,77,78,75,RB
436,Luana Bühler,Switzerland,Spurs,England,27,77,74,56,71,58,78,75,75,74,57,50,80,73,39,61,56,74,62,54,71,68,77,79,71,76,73,81,78,76,83,77,75,72,CB
68,Amanda Ilestedt,Sweden,Arsenal,England,30,84,68,42,65,60,87,78,62,72,37,41,82,70,35,58,46,58,52,51,35,40,79,74,79,85,85,88,89,86,84,71,78,83,CB
83,Marta Torrejón,Spain,FC Barcelona,Spain,33,84,64,54,76,69,85,74,60,68,45,51,83,65,36,50,70,86,51,65,62,69,88,81,81,86,81,87,83,82,79,80,72,72,RB
101,Vanessa Gilles,Canada,OL,France,27,83,62,38,53,43,86,81,60,64,50,27,77,70,33,38,32,25,35,38,42,63,77,65,64,81,88,86,89,81,82,64,90,81,CB
210,Tatumn Milazzo,United States,Chicago Red Stars,USA,25,81,66,42,63,65,83,80,67,65,49,37,72,63,35,41,55,61,38,58,72,57,73,75,64,83,70,82,86,85,80,71,84,83,CB
262,Christen Westphal,United States,San Diego Wave,USA,30,80,79,50,74,71,80,70,78,79,52,45,79,75,52,45,68,78,51,71,75,71,75,73,75,80,73,81,79,82,81,77,70,57,RB
321,Sarah Mayling,England,Aston Villa,England,26,79,73,59,71,67,78,76,67,77,54,57,72,70,43,70,60,82,73,68,75,64,73,76,74,78,76,81,77,76,81,82,73,73,RB
325,Andrea Medina,Spain,Atlético de Madrid,Spain,19,79,78,53,71,66,78,73,77,79,69,55,80,61,35,52,68,77,40,59,70,70,75,75,71,77,70,79,80,74,77,77,66,85,LB
348,Michaela Specht,Germany,TSG Hoffenheim,Germany,26,79,68,41,69,55,81,77,69,67,45,35,82,70,35,47,62,65,43,51,72,72,71,61,72,82,80,81,82,78,85,72,80,72,CB
354,Arin Wright,United States,Chicago Red Stars,USA,30,79,66,52,67,74,80,76,62,69,58,48,76,67,53,47,48,76,42,67,74,58,77,74,83,79,77,81,81,79,80,78,75,73,LB
402,Ali Riley,New Zealand,Angel City FC,USA,35,78,78,58,72,75,74,78,77,79,63,48,77,70,59,68,63,77,60,72,81,71,78,77,79,75,70,76,71,79,84,78,81,67,RB
419,Merel van Dongen,Holland,Atlético de Madrid,Spain,30,78,65,56,71,68,79,78,64,65,47,49,73,78,63,67,57,76,74,73,75,77,75,83,73,77,77,77,81,80,81,81,75,79,CB
431,Alejandra Bernabé,Spain,Real Sociedad,Spain,21,77,76,54,69,70,76,75,78,74,69,55,78,66,40,57,65,69,40,53,72,69,69,80,72,76,65,79,78,75,81,79,77,65,LB
467,Hanna Lundkvist,Sweden,Atlético de Madrid,Spain,21,77,77,58,72,66,76,76,77,77,60,60,80,70,41,51,65,77,37,61,70,69,72,77,63,73,77,81,75,70,90,73,81,66,RB
473,Nerea Nevado,Spain,Athletic Club,Spain,22,77,79,60,74,66,74,72,78,80,68,61,81,77,54,60,70,70,58,60,71,72,69,77,65,70,73,74,78,73,83,83,71,60,LB
486,Ana Tejada,Spain,Real Sociedad,Spain,21,77,76,57,68,66,78,71,75,76,66,58,80,70,43,51,60,63,41,56,68,68,72,74,70,78,77,78,80,75,85,66,72,70,CB
158,Perle Morroni,France,OL,France,25,82,81,45,75,73,79,67,79,82,58,44,83,72,44,49,63,83,43,67,76,86,80,82,75,82,65,76,83,79,74,77,62,67,LB
161,Ève Périsset,France,Chelsea,England,28,82,76,52,79,73,79,71,80,73,45,44,85,78,41,60,61,87,74,82,78,85,78,80,69,81,55,78,85,81,73,75,69,72,RB
191,Elisa De Almeida,France,Paris SG,France,25,81,71,34,65,54,84,72,66,75,41,30,81,70,34,34,47,64,30,45,45,66,80,72,67,82,82,83,87,83,81,68,70,82,CB
230,Tierna Davidson,United States,Chicago Red Stars,USA,25,80,68,43,61,61,84,76,69,68,48,36,71,62,36,41,58,54,38,53,62,58,77,70,82,81,74,84,89,84,82,70,80,72,CB
231,Tainara,Brazil,FC Bayern München,Germany,24,80,59,39,66,62,82,73,47,69,52,31,82,82,28,39,57,46,31,60,56,67,78,81,72,79,83,84,83,79,77,64,75,78,CB
280,Allysha Chapman,Canada,Houston Dash,USA,34,79,78,51,63,71,78,77,77,79,45,46,70,61,54,47,40,76,53,70,71,86,73,77,78,78,76,78,79,79,85,83,71,84,LB
292,Kristen Edmonds,United States,NJ/NY Gotham,USA,36,79,65,48,66,64,83,78,61,69,47,43,70,61,35,42,62,71,41,68,72,76,76,73,72,82,75,85,85,79,80,81,80,71,CB
300,Sheila,Spain,Atlético de Madrid,Spain,26,79,87,75,71,80,74,68,86,88,72,77,77,64,62,68,68,73,56,62,84,90,75,80,65,72,68,70,80,75,78,90,60,58,RB
317,Marie Levasseur,Canada,Montpellier,France,26,79,74,66,65,73,76,74,70,78,66,68,73,60,68,57,53,72,52,63,64,65,74,79,69,75,80,74,77,80,81,86,70,67,LB
324,Kristen McNabb,United States,San Diego Wave,USA,29,79,76,49,71,72,78,67,74,78,57,44,77,70,52,46,57,77,57,71,61,71,76,78,70,73,78,79,78,80,78,80,58,70,LB
355,Lotte Wubben-Moy,England,Arsenal,England,24,79,58,42,62,59,82,77,62,54,40,38,80,78,30,58,57,32,32,55,59,44,71,70,84,79,82,86,80,79,86,66,81,76,CB
380,Oihane Hernández,Spain,Real Madrid CF,Spain,23,78,76,62,72,66,77,74,77,75,69,61,77,69,55,61,68,70,58,80,74,73,74,81,71,80,55,79,81,73,75,83,72,66,RB
392,Amanda Nildén,Sweden,Juventus,Italy,25,78,79,54,73,70,76,71,80,79,45,58,84,79,43,64,57,68,60,65,70,70,85,75,65,76,72,79,75,75,80,73,66,78,LB
412,Chantelle Swaby,Jamaica,FC Fleury 91,France,25,78,75,42,65,59,79,79,72,78,44,38,75,68,37,45,53,66,43,59,59,47,72,71,68,75,78,80,81,74,90,69,86,73,CB
469,Maria Méndez,Spain,Levante UD,Spain,22,77,71,55,67,55,78,75,69,73,55,57,82,65,43,62,59,60,45,45,66,65,72,75,65,75,70,80,82,76,79,68,79,75,CB
474,Paige Nielsen,United States,Angel City FC,USA,29,77,81,48,60,58,76,83,80,81,52,43,68,60,36,42,32,74,44,69,70,81,74,67,72,77,67,80,75,76,88,64,91,85,CB
541,Falone Meffometou,Cameroon,FC Fleury 91,France,33,76,64,56,67,68,77,74,68,61,60,52,76,66,42,53,55,71,47,61,74,76,75,70,72,80,72,78,76,78,81,70,77,69,RB
550,Lena Ostermeier,Germany,SGS Essen,Germany,27,76,59,53,69,67,77,72,68,52,57,50,76,77,46,58,64,65,51,59,71,73,80,75,70,77,74,79,77,76,79,72,71,72,CB
574,Danielle Turner,England,Aston Villa,England,32,76,66,49,71,59,77,74,65,67,54,46,78,71,48,52,58,72,69,65,65,60,75,73,58,76,76,79,77,76,78,79,69,78,CB
681,Luisa Wensing,Germany,SC Freiburg,Germany,30,75,67,45,64,66,74,77,69,66,52,40,74,66,38,64,48,66,47,58,67,70,71,73,69,76,82,73,72,73,88,70,78,81,CB
692,Michaela Brandenburg,Germany,SV Werder Bremen,Germany,25,74,67,53,67,60,74,77,69,65,57,52,71,73,34,60,66,61,50,59,64,71,72,70,64,73,73,78,72,73,83,72,80,73,CB
706,Estella,Spain,UDG Tenerife,Spain,29,74,69,49,65,70,75,79,69,69,62,45,65,65,48,65,65,71,48,60,81,71,71,70,70,75,65,77,77,74,79,75,81,81,RB
759,Nina Räcke,Germany,RB Leipzig,Germany,22,74,69,52,69,65,75,71,69,69,59,52,74,78,40,48,70,60,52,58,55,70,73,65,71,78,77,78,72,71,82,67,72,69,CB
134,Alana Cook,United States,OL Reign,United States,26,82,54,42,59,58,85,79,48,59,43,34,71,62,37,41,62,41,40,45,43,67,75,67,72,85,81,87,86,84,81,70,84,79,CB
194,Abby Erceg,New Zealand,Rac. Louisville,USA,33,81,50,39,59,61,84,79,52,49,43,36,71,62,36,40,57,46,40,45,52,59,75,70,84,81,83,85,86,79,83,69,83,81,CB
195,Emily Fox,United States,NC Courage,USA,25,81,69,44,69,75,80,72,66,72,59,45,77,68,33,47,57,74,43,71,81,76,79,81,74,82,63,80,82,84,72,85,72,57,LB
229,Abby Dahlkemper,United States,San Diego Wave,USA,30,80,52,47,61,58,84,73,53,52,49,43,70,62,36,42,56,55,41,61,55,78,74,67,74,84,82,84,85,82,81,55,78,83,CB
237,Naomi Girma,United States,San Diego Wave,USA,23,80,66,43,61,65,82,74,63,69,48,38,71,62,35,43,57,57,34,49,80,79,76,74,74,81,78,82,84,82,82,62,79,76,CB
242,Lisa Karl,Germany,SC Freiburg,Germany,26,80,80,64,70,80,79,72,79,80,43,72,78,67,51,60,59,71,69,63,82,72,77,80,69,79,79,79,79,78,87,73,75,57,RB
264,Sara Agrež,Slovenia,VfL Wolfsburg,Germany,22,79,73,48,70,57,79,78,72,73,34,51,76,62,43,60,60,79,59,67,60,51,79,76,73,76,81,82,79,74,88,75,78,77,LB
278,Olga Carmona,Spain,Real Madrid CF,Spain,23,79,83,67,76,75,74,68,81,84,73,72,81,70,45,81,68,80,71,74,81,81,81,82,72,69,68,74,79,74,79,81,70,45,LB
282,Hawa Cissoko,France,West Ham,England,26,79,53,32,60,41,78,79,54,52,37,28,82,79,38,49,46,36,40,29,41,68,77,69,64,74,83,80,78,79,82,64,80,93,CB
308,Steph Houghton,England,Manchester City,England,35,79,61,50,65,58,80,78,53,67,42,37,77,74,45,60,50,50,60,71,53,61,77,72,84,77,80,84,81,72,82,65,83,80,CB
314,Natalia Kuikka,Finland,Portland Thorns,USA,27,79,78,52,70,73,76,71,79,78,52,46,77,70,55,44,57,76,55,72,70,60,78,79,70,77,71,78,74,79,82,80,71,57,RB
315,Andréa Lardez,France,Bordeaux,France,29,79,63,54,72,68,77,71,60,66,59,48,78,69,46,51,59,82,49,72,65,77,80,73,72,81,64,80,76,79,67,91,62,67,RB
334,Julie Pasquereau,France,Stade de Reims,France,29,79,56,38,66,58,80,78,43,66,47,33,83,83,35,40,53,47,39,50,36,43,76,69,72,76,82,80,83,79,79,71,81,79,CB
347,Kathellen Sousa,Brazil,Real Madrid CF,Spain,27,79,75,44,57,51,80,74,73,77,40,40,80,73,37,32,31,40,29,39,63,65,77,81,74,77,83,78,83,81,89,67,78,70,CB
356,Shelina Zadorsky,Canada,Spurs,England,30,79,71,48,70,55,80,78,68,73,25,41,83,85,34,60,46,58,71,67,57,61,78,77,81,80,79,82,80,76,82,83,75,79,CB
365,Jess Carter,England,Chelsea,England,25,78,55,46,63,58,82,75,55,55,49,43,72,68,45,56,50,64,45,51,53,78,73,71,61,85,69,86,80,78,73,72,76,76,CB
382,Kelli Hubly,United States,Portland Thorns,USA,29,78,59,41,65,61,80,76,62,57,48,42,70,61,35,41,55,75,33,69,59,54,74,67,73,77,82,78,84,78,85,70,80,69,CB
386,Martina Lenzini,Italy,Juventus,Italy,25,78,77,40,71,59,79,74,76,77,34,41,84,67,29,65,63,66,55,54,69,59,82,79,69,78,78,81,78,77,84,80,70,76,CB
387,Sarai Linder,Germany,TSG Hoffenheim,Germany,23,78,75,52,70,71,77,69,77,74,60,50,78,64,42,53,59,73,64,63,80,76,79,78,67,77,72,80,79,69,80,73,66,70,RB
393,Aniek Nouwen,Holland,Chelsea,England,24,78,55,50,57,50,78,82,55,55,40,40,73,79,38,56,42,38,55,25,54,45,69,69,73,76,76,79,79,78,84,62,91,82,CB
409,Julie Soyer,France,Paris FC,France,38,78,53,58,70,63,82,70,51,55,59,49,78,70,40,58,58,71,71,64,55,69,87,75,74,87,72,85,83,74,70,69,69,73,RB
415,Millie Turner,England,Manchester Utd,England,27,78,59,50,63,58,78,77,56,61,48,49,83,80,35,56,50,35,48,60,50,65,76,70,74,77,73,80,79,76,79,65,82,78,CB
435,Amber Brooks,United States,Washington Spirit,USA,32,77,53,44,62,64,78,86,54,53,46,38,71,62,36,40,37,76,40,71,50,71,69,73,67,77,72,79,80,75,81,84,90,81,CB
449,Gabrielle George,England,Manchester Utd,England,26,77,53,57,68,64,76,81,53,53,50,56,74,73,38,49,57,72,44,69,46,50,72,74,78,86,76,79,69,68,82,66,87,84,CB
459,Alanna Kennedy,Australia,Manchester City,England,28,77,54,45,68,57,78,76,52,56,43,35,79,79,40,57,55,51,71,68,42,51,71,70,79,77,77,78,79,76,79,70,78,76,CB
517,Paula Flach,Germany,MSV Duisburg,Germany,20,76,71,52,72,65,77,68,73,70,55,52,79,68,63,55,64,73,59,66,65,59,77,79,65,76,74,79,78,77,78,71,64,73,CB
542,Jacqueline Meißner,Germany,SGS Essen,Germany,29,76,68,54,69,60,78,69,67,68,55,53,74,77,45,55,64,63,51,63,72,78,76,75,69,78,73,81,76,79,76,66,69,71,CB
555,Nerea,Spain,Villarreal CF,Spain,29,76,71,60,70,66,75,71,70,72,69,60,77,60,65,65,69,70,63,69,70,66,70,80,70,75,70,78,75,70,74,75,70,70,RB
592,Merle Barth,Germany,Atlético de Madrid,Spain,29,75,50,47,69,55,77,77,47,53,66,45,83,67,40,56,69,60,42,41,66,63,72,77,64,77,70,80,77,75,72,82,80,66,CB
597,Raiderlín Carrasco,Venezuela,Sporting Huelva,Spain,20,75,81,55,64,70,75,73,82,81,69,50,70,55,46,51,64,69,51,51,76,74,65,74,77,68,72,80,76,70,85,77,71,69,LB
599,Janice Cayman,Belgium,Leicester City,England,34,75,57,75,78,80,75,68,55,59,81,71,81,69,72,77,79,78,78,74,76,68,78,81,80,76,74,75,75,72,75,62,72,66,RB
623,Celia Jiménez,Spain,Orlando Pride,USA,28,75,67,47,66,66,76,79,65,68,52,44,69,65,39,45,68,65,41,61,70,60,73,72,68,74,68,79,76,78,79,75,84,73,RB
677,Michelle Ulbrich,Germany,SV Werder Bremen,Germany,26,75,58,55,68,66,77,73,54,62,56,52,77,75,44,58,63,57,62,55,68,70,74,73,64,76,74,79,78,69,74,76,71,73,CB
858,Tara McKeown,United States,Washington Spirit,USA,24,73,69,66,72,68,74,70,68,69,71,60,78,66,66,61,73,68,62,68,64,51,74,72,72,71,73,74,78,69,77,75,69,64,CB
153,Katie Lind,United States,Houston Dash,USA,29,82,56,43,57,60,86,75,53,58,43,39,70,62,37,42,47,46,36,49,55,67,77,69,72,85,82,89,88,81,82,55,82,79,CB
244,Sophia Kleinherne,Germany,Frankfurt,Germany,23,80,74,37,66,62,82,74,67,80,33,28,79,61,33,38,50,71,30,60,69,79,79,83,70,80,80,86,81,78,81,71,72,79,RB
284,Aldana Cometti,Argentina,Madrid CFF,Spain,27,79,62,30,54,55,80,78,63,62,31,25,80,65,23,50,35,28,41,32,65,76,76,70,65,80,81,81,80,77,84,77,79,76,CB
352,Ainhoa Moraza,Spain,Atlético de Madrid,Spain,28,79,80,45,66,52,76,65,80,80,54,41,80,60,18,45,32,80,49,74,70,77,79,80,81,72,66,81,77,74,73,73,59,66,RB
400,Ally Prisock,United States,Houston Dash,USA,26,78,65,41,59,60,79,76,61,68,43,37,70,62,36,40,57,51,33,45,63,56,74,69,66,77,79,79,82,78,83,67,79,76,CB
410,Sam Staab,United States,Washington Spirit,USA,26,78,56,44,60,59,79,76,59,54,45,38,70,62,36,41,53,54,41,53,59,81,76,68,75,77,82,78,80,77,85,61,81,79,CB
413,Aïssatou Tounkara,France,Paris SG,France,28,78,65,35,58,59,79,77,67,64,35,32,79,74,36,41,37,42,30,33,52,64,75,66,76,74,78,82,81,76,84,70,80,75,CB
430,Inès Belloumou,France,FC Bayern München,Germany,22,77,78,52,66,68,74,70,75,81,59,49,74,60,43,52,56,73,47,66,67,76,72,71,71,75,58,73,79,75,71,79,64,71,LB
441,Carole Costa,Portugal,SL Benfica,Portugal,33,77,64,47,56,52,79,74,60,67,53,47,73,57,34,68,45,42,35,54,54,68,76,65,72,78,76,80,80,77,81,65,76,77,CB
483,Greta Stegemann,Germany,SC Freiburg,Germany,22,77,59,49,65,62,78,78,49,68,40,44,78,69,32,60,61,45,64,50,56,70,72,68,68,77,80,79,78,76,80,70,82,76,CB
496,Jennifer Beattie,Scotland,Arsenal,England,32,76,53,41,55,50,77,79,51,55,52,30,73,70,42,55,33,42,46,38,38,46,70,67,59,78,72,79,76,73,80,63,89,76,CB
499,Camryn Biegalski,United States,Washington Spirit,USA,25,76,65,48,68,68,76,65,67,64,51,47,75,66,38,42,58,71,47,66,63,60,74,74,73,73,76,79,75,78,76,76,61,56,RB
516,Grace Fisk,England,Liverpool,England,25,76,54,43,65,56,79,71,48,58,46,31,75,70,46,50,56,60,42,61,50,66,71,73,73,85,74,80,78,76,70,69,69,79,CB
519,Vanessa Fürst,Germany,MSV Duisburg,Germany,21,76,57,49,63,68,78,71,56,58,62,52,75,67,55,58,60,53,41,46,61,87,73,74,60,76,72,78,80,79,74,64,72,78,CB
521,Sarah Gorden,United States,Angel City FC,USA,27,76,80,46,55,60,78,73,76,83,45,41,75,61,33,41,37,38,41,41,65,81,75,71,68,77,69,82,80,73,82,65,77,71,CB
523,Emilie Henriksen,Denmark,MSV Duisburg,Germany,26,76,54,48,66,68,78,70,55,54,58,48,76,69,49,63,59,58,59,50,63,58,72,74,66,78,75,79,78,75,76,61,74,71,CB
529,Michaela Khýrová,Czech Republic,Slavia Praha,Czech Republic,23,76,69,43,71,59,75,76,69,69,42,43,79,66,20,65,51,80,67,76,54,75,77,64,69,73,68,75,79,69,77,76,76,77,LB
534,Tess Laplacette,France,LOSC Lille,France,24,76,73,51,69,66,77,64,71,74,63,50,78,67,47,54,59,69,48,63,65,69,72,69,69,78,69,75,80,75,71,72,58,68,RB
544,Maelys Mpome,France,Montpellier,France,20,76,74,37,64,65,76,78,69,78,41,33,80,69,35,36,52,56,32,56,54,36,73,69,75,71,75,75,81,72,84,67,82,78,CB
602,Thais Ferreira,Brazil,UDG Tenerife,Spain,27,75,71,47,58,65,75,77,71,71,40,45,70,67,51,51,49,41,41,58,69,71,69,70,71,75,70,75,77,75,82,71,82,71,CB
603,Deja Davis,United States,Havre AC,France,28,75,52,49,52,65,76,79,64,42,43,46,64,59,38,70,44,41,36,45,38,52,72,68,63,76,79,75,78,73,86,78,82,71,CB
605,Kate Del Fava,United States,KC Current,USA,25,75,71,49,69,68,74,69,72,71,58,48,75,66,43,41,63,70,51,66,62,59,74,74,67,73,66,75,74,76,74,75,68,61,RB
621,Tori Huster,United States,Washington Spirit,USA,34,75,72,55,66,67,74,65,70,73,59,47,74,68,50,42,44,75,56,71,62,73,72,73,68,73,71,78,71,75,75,71,63,59,RB
648,Meaghan Nally,United States,Portland Thorns,USA,25,75,70,48,67,68,77,67,74,67,53,46,77,68,54,42,55,65,49,60,71,51,76,74,68,75,70,79,78,79,75,68,66,68,CB
658,Nuria Rábano,Spain,VfL Wolfsburg,Germany,24,75,75,60,72,70,75,59,73,77,68,57,80,69,57,63,72,66,60,55,76,70,77,75,73,75,66,75,80,69,67,63,52,70,LB
660,Kerlly Real,Ecuador,Valencia CF,Spain,24,75,76,52,61,60,75,76,75,76,50,50,70,60,45,55,45,69,40,49,77,67,70,70,77,75,63,75,80,70,79,75,76,75,RB
667,Bibi,Spain,Athletic Club,Spain,24,75,66,35,66,50,76,75,68,64,45,30,80,60,40,50,60,66,35,49,68,65,69,75,65,75,65,76,80,74,77,70,78,75,CB
673,Judith Steinert,Germany,SC Freiburg,Germany,28,75,76,53,63,64,75,68,78,74,55,59,76,58,35,61,53,61,38,59,74,47,74,74,64,75,67,76,75,75,77,72,68,62,LB
715,Alicia-Sophie Gudorf,Germany,SC Freiburg,Germany,22,74,72,44,65,68,74,73,71,72,48,43,75,64,35,45,55,69,42,48,69,60,70,71,66,70,66,77,73,80,79,64,77,74,RB
742,Héloïse Mansuy,France,Havre AC,France,26,74,68,38,61,61,75,74,67,68,43,32,77,67,33,41,47,50,53,41,58,62,73,70,68,73,72,76,77,74,79,76,74,72,CB
757,Anna Patten,England,Aston Villa,England,24,74,65,44,62,56,76,71,67,63,49,34,69,67,40,56,57,54,51,51,71,52,71,69,75,70,70,79,79,77,76,63,74,73,CB
856,Jasmine Matthews,England,Liverpool,England,30,73,59,61,63,69,76,66,63,55,66,63,78,72,32,50,69,29,55,50,57,58,72,72,67,75,65,79,76,76,69,63,66,67,CB
878,Berta Pujadas,Spain,Valencia CF,Spain,23,73,74,68,63,45,76,68,68,78,65,67,80,65,65,55,48,45,60,70,71,68,70,70,70,75,70,75,80,70,73,69,69,65,CB
904,Mallory Weber,United States,KC Current,USA,29,73,78,49,61,54,74,67,77,79,52,48,66,64,53,46,58,59,54,52,68,60,66,58,68,70,67,75,78,75,73,73,59,76,LB
968,Hanna Németh,Hungary,SV Werder Bremen,Germany,25,72,62,55,68,66,74,70,54,69,58,51,77,75,43,63,65,55,55,54,70,70,69,66,64,72,73,73,77,68,72,76,67,68,CB
267,Elizabeth Ball,United States,KC Current,USA,27,79,41,44,59,61,82,74,39,43,42,37,71,62,36,41,59,43,39,41,34,67,77,70,71,80,79,81,85,78,76,53,81,82,CB
345,Risa Shimizu,Japan,West Ham,England,27,79,81,53,71,67,78,58,79,82,45,58,76,68,45,50,62,80,53,70,79,82,74,72,63,76,70,80,79,77,68,75,45,65,RB
360,Ivana Andrés,Spain,Real Madrid CF,Spain,29,78,65,37,59,67,79,75,59,70,24,30,83,63,32,49,31,46,30,65,67,79,82,80,72,77,78,82,80,76,78,76,72,80,CB
421,Joelle Wedemeyer,Germany,VfL Wolfsburg,Germany,27,78,72,30,61,50,79,72,74,71,31,23,77,53,29,38,37,66,56,55,71,80,79,72,72,77,77,79,79,84,84,64,72,79,RB
426,Laia Aleixandri,Spain,Manchester City,England,23,77,74,28,58,32,78,73,70,78,22,25,75,63,22,38,31,59,42,37,64,70,75,71,57,77,76,77,79,79,82,67,74,75,CB
440,Rachel Corsie,Scotland,Aston Villa,England,34,77,61,37,55,25,78,74,54,66,22,38,78,78,18,62,22,39,41,25,45,71,75,70,58,77,79,78,79,78,80,63,78,78,CB
448,Rocío Gálvez,Spain,Real Madrid CF,Spain,26,77,68,29,51,56,78,77,69,68,30,25,78,53,24,39,33,31,40,27,66,78,76,74,61,77,80,78,78,73,85,69,78,80,CB
457,Estelle Johnson,Cameroon,NC Courage,USA,35,77,66,39,54,58,79,71,62,69,46,37,69,61,35,39,53,34,34,37,34,52,75,67,75,78,71,81,81,78,79,48,80,75,CB
470,Maren Mjelde,Norway,Chelsea,England,33,77,63,53,68,70,78,68,55,70,61,47,70,66,35,72,57,78,47,82,84,69,81,73,75,83,57,82,79,77,64,64,67,76,RB
479,Kaleigh Riehl,United States,San Diego Wave,USA,26,77,55,43,57,63,79,71,55,55,45,38,70,62,35,41,51,43,37,48,62,64,77,72,70,75,78,77,84,79,80,51,79,74,CB
484,Samantha Steuerwald,Germany,SC Freiburg,Germany,24,77,61,50,63,61,77,78,51,69,32,50,78,68,41,57,50,53,36,54,65,73,69,69,71,76,77,77,79,76,80,70,82,79,CB
488,Lilla Turanyi,Hungary,Leverkusen,Germany,24,77,39,52,65,57,78,82,36,42,31,52,76,72,32,62,62,50,64,39,56,73,73,68,70,78,77,78,79,77,77,77,86,77,CB
504,Kerstin Casparij,Holland,Manchester City,England,23,76,76,56,70,74,74,60,76,76,57,63,79,70,43,47,58,75,47,66,74,68,71,74,60,76,59,73,79,75,69,64,58,60,RB
508,Kay-Lee de Sanders,Holland,Ajax,Netherlands,25,76,65,48,54,46,77,74,65,65,30,48,76,69,25,60,38,29,43,37,62,65,70,60,64,73,81,79,78,73,85,69,76,74,CB
509,Celina Degen,Austria,1. FC Köln,Germany,22,76,62,51,62,60,77,71,52,70,36,48,74,64,32,64,57,48,46,63,54,59,80,68,66,77,79,79,75,76,78,60,74,74,CB
514,Gemma Evans,Wales,Manchester Utd,England,27,76,42,47,61,58,79,75,32,50,54,41,73,72,42,47,56,40,52,52,53,67,73,67,77,81,77,80,78,77,70,78,74,77,CB
520,Luna Nørgaard Gevitz,Denmark,Montpellier,France,29,76,64,36,52,47,78,69,58,68,41,32,75,53,33,37,35,39,30,34,53,63,76,62,61,77,79,79,79,75,77,65,69,73,CB
525,Sam Hiatt,United States,OL Reign,United States,25,76,65,39,57,59,78,70,63,67,43,37,71,62,35,39,51,41,40,47,61,57,75,68,69,78,77,80,79,74,80,62,73,70,CB
537,Leonie Maier,Germany,TSG Hoffenheim,Germany,31,76,71,51,68,65,76,66,64,76,43,52,71,68,42,50,56,76,55,68,76,76,71,70,81,76,65,80,77,75,68,71,61,70,RB
539,Sylwia Matysik,Poland,Leverkusen,Germany,26,76,67,57,66,59,78,72,64,70,38,54,75,50,55,58,59,69,64,62,59,68,76,68,66,78,74,79,80,76,78,70,72,74,RB
540,Haley McCutcheon,United States,Orlando Pride,USA,27,76,62,49,70,70,75,61,63,62,58,43,79,68,39,47,56,74,49,67,60,71,71,76,68,74,65,75,78,79,64,79,54,56,RB
543,Emily Menges,United States,Portland Thorns,USA,31,76,58,42,59,64,80,70,61,55,44,44,70,62,36,41,55,49,31,48,58,55,74,73,78,80,76,83,79,74,79,68,73,62,CB
549,Selina Ostermeier,Germany,Leverkusen,Germany,24,76,46,50,61,67,77,73,48,44,39,52,78,70,29,64,60,31,39,53,62,73,73,65,64,76,79,78,78,75,76,65,75,77,CB
598,Estelle Cascarino,France,Juventus,Italy,26,75,66,40,66,59,77,69,66,66,40,36,80,70,39,42,47,67,31,58,58,67,72,70,67,76,69,78,79,74,75,61,72,72,CB
619,Sophie Howard,Scotland,Leicester City,England,30,75,54,39,60,42,76,68,53,54,42,26,77,65,28,50,40,57,47,40,51,73,71,68,59,79,78,76,75,72,77,52,72,77,CB
622,Emmy Jézéquel,France,En Avant Guingamp,France,22,75,69,44,60,64,76,75,61,76,36,42,78,62,38,40,41,52,39,61,59,69,72,71,63,73,71,76,79,75,77,76,74,74,CB
627,Virginia Kirchberger,Austria,Frankfurt,Germany,30,75,75,48,65,61,75,74,78,73,29,45,79,71,45,62,61,44,60,48,80,72,81,70,74,74,69,79,75,73,81,74,73,73,CB
629,Emma Kullberg,Sweden,Brighton,England,32,75,71,37,65,59,77,67,68,74,30,39,79,67,33,47,37,74,42,59,71,75,77,69,59,75,71,80,77,74,75,65,65,74,CB
630,Kaleigh Kurtz,United States,NC Courage,USA,29,75,63,43,54,54,78,70,60,65,43,38,70,62,35,41,38,41,39,44,52,59,75,63,67,80,74,79,79,76,78,66,75,58,CB
633,Jade Le Guilly,France,Paris SG,France,21,75,61,55,70,59,75,63,68,56,53,59,80,70,46,52,57,75,49,61,71,67,69,75,62,75,62,77,77,72,68,74,60,56,RB
646,Megan Montefusco,United States,Orlando Pride,USA,31,75,54,44,59,58,77,73,53,55,47,38,70,62,34,39,53,52,40,49,56,73,69,68,67,77,74,78,78,73,77,66,77,69,CB
670,Alice Sombath,France,OL,France,19,75,68,37,64,59,77,66,65,71,53,33,77,63,33,32,48,68,29,66,60,63,74,69,65,73,75,78,80,76,76,58,68,69,CB
686,Guðrún Arnardóttir,Iceland,FC Rosengård,Sweden,28,74,71,34,58,60,76,72,71,71,27,34,75,69,30,51,58,32,42,31,68,51,75,65,58,74,71,82,75,71,78,77,69,70,CB
690,Emma Berglund,Sweden,FC Rosengård,Sweden,34,74,70,30,50,54,74,77,69,70,36,26,53,47,25,45,28,69,45,54,72,63,75,65,78,76,79,70,76,74,86,77,79,72,CB
711,Clara Fröhlich,Germany,Leverkusen,Germany,19,74,49,52,63,62,75,72,46,52,40,51,77,72,32,62,63,35,62,60,68,34,76,78,65,73,71,75,77,74,69,75,69,75,CB
722,Natalie Jacobs,United States,Houston Dash,USA,26,74,75,47,63,65,75,68,76,74,25,44,77,70,32,40,33,68,47,69,49,60,71,75,55,75,75,76,74,75,80,71,64,73,CB
732,Carrie Lawrence,United States,Orlando Pride,USA,26,74,67,42,63,57,75,70,64,69,47,39,70,62,32,40,57,65,39,59,61,66,72,66,67,76,71,74,76,75,79,54,76,72,CB
737,Julia Lester,United States,Rac. Louisville,USA,25,74,64,39,63,66,76,66,62,66,48,42,74,67,35,42,42,68,38,68,48,75,70,72,69,72,60,79,79,79,66,71,62,68,RB
744,Lara Marti,Switzerland,Leverkusen,Germany,24,74,71,49,61,54,74,69,71,71,40,45,76,59,43,51,39,62,39,59,72,54,74,74,62,73,71,77,73,74,80,71,72,56,LB
810,Nesryne El Chad,Morocco,LOSC Lille,France,20,73,69,41,57,58,74,70,68,69,58,38,71,48,36,43,45,59,37,53,64,67,68,69,63,70,72,74,78,74,79,67,73,66,CB
816,Jana,Spain,FC Barcelona,Spain,21,73,68,49,63,50,75,67,67,69,53,45,75,69,23,62,63,45,50,37,60,65,78,75,71,70,65,78,80,69,71,62,68,68,CB
817,Megan Finnigan,England,Everton,England,25,73,60,43,63,56,74,72,59,61,41,34,76,70,44,50,56,43,59,60,61,55,71,68,73,71,73,77,73,76,77,66,74,73,CB
840,Landulaze,Spain,Athletic Club,Spain,23,73,62,33,63,52,76,68,56,67,43,30,70,62,37,45,60,66,36,47,69,59,62,70,71,76,80,74,78,70,80,62,73,60,CB
872,Lucy Parker,England,Aston Villa,England,24,73,58,39,59,57,75,73,62,55,45,39,73,60,40,48,56,45,44,45,54,55,69,69,65,80,69,79,72,69,76,65,77,71,CB
888,Teninsoun Sissoko,France,Paris FC,France,31,73,64,46,63,59,75,70,59,68,56,43,71,68,39,53,59,58,33,48,51,54,73,66,65,69,76,75,78,73,72,64,74,68,CB
986,Cecilie Sandvej,Denmark,Dijon FCO,France,33,72,63,42,55,53,74,73,63,63,48,43,64,54,35,41,49,52,35,54,58,63,73,59,58,71,69,76,76,70,75,65,75,75,CB
495,Diana Bartovičová,Slovakia,Slavia Praha,Czech Republic,30,76,57,39,54,56,78,73,58,57,20,41,79,70,19,65,29,27,61,34,49,49,77,58,71,74,72,82,81,70,77,59,76,81,CB
531,Amanda Kowalski,United States,Chicago Red Stars,USA,25,76,65,40,51,56,78,70,59,69,37,38,70,62,35,40,35,35,31,35,47,70,72,65,57,78,75,79,79,76,80,54,80,64,CB
548,Patri Ojeda,Spain,Sporting Huelva,Spain,32,76,64,58,60,55,79,72,64,64,25,51,75,60,45,65,31,59,72,69,63,70,80,75,70,81,66,80,80,77,71,76,69,75,CB
563,Camila Sáez,Chile,Madrid CFF,Spain,28,76,58,34,47,22,76,78,56,60,22,41,75,61,26,50,22,22,32,20,49,74,75,71,71,76,72,77,76,77,79,73,81,74,CB
570,Maria Thorisdottir,Norway,Brighton,England,30,76,45,32,60,56,76,78,41,48,28,25,74,68,31,40,56,49,26,25,44,33,73,72,73,74,70,79,77,74,73,63,88,75,CB
587,Eunate,Spain,Athletic Club,Spain,32,75,72,51,69,56,74,59,74,71,47,50,74,61,52,54,67,74,47,60,60,80,72,73,55,71,73,73,76,75,77,63,61,46,LB
591,Agustina Barroso,Argentina,UDG Tenerife,Spain,30,75,60,34,50,33,76,76,51,68,21,35,69,45,18,52,25,54,35,40,60,73,78,68,67,77,70,79,76,74,73,76,78,74,CB
661,Megan Reid,United States,Angel City FC,USA,24,75,65,40,49,56,79,66,64,65,35,35,70,62,33,38,32,28,37,33,52,58,77,64,60,78,72,80,82,79,74,63,66,68,CB
662,Diana Gomes,Portugal,Sevilla FC,Spain,25,75,71,30,54,51,78,72,72,71,22,25,75,57,29,43,43,33,35,46,50,69,69,67,63,75,69,80,80,76,78,68,73,72,CB
668,Kayla Sharples,United States,Chicago Red Stars,USA,26,75,53,42,50,57,77,70,54,52,44,39,70,62,34,36,31,33,30,36,73,70,76,66,64,77,72,79,78,75,77,53,78,68,CB
709,Mandy Freeman,United States,NJ/NY Gotham,USA,28,74,53,42,57,56,76,73,54,53,46,39,70,61,33,41,54,42,38,46,34,73,69,64,61,74,69,79,79,73,77,51,87,63,CB
710,Melissa Friedrich,Germany,Leverkusen,Germany,26,74,53,42,55,55,75,73,38,65,30,39,73,68,32,60,29,40,50,65,56,63,72,68,64,70,70,76,79,77,66,70,74,75,CB
718,Tuva Hansen,Norway,FC Bayern München,Germany,26,74,65,32,59,59,77,65,70,60,35,27,71,58,31,44,38,63,36,62,65,62,68,66,72,74,70,77,79,81,73,66,65,64,RB
739,Alex Loera,United States,KC Current,USA,24,74,54,42,59,61,78,69,55,53,41,37,65,58,32,40,52,62,35,56,63,73,71,70,56,79,61,82,80,79,67,65,70,70,CB
743,Andrea Marrero,Spain,UDG Tenerife,Spain,27,74,48,49,63,59,77,66,50,46,35,47,82,67,35,40,41,57,47,45,71,56,69,70,70,72,81,77,80,72,74,67,63,72,CB
748,Addisyn Merrick,United States,KC Current,USA,25,74,56,42,59,63,78,63,53,59,47,38,70,62,33,39,54,51,40,49,71,81,70,72,66,74,75,78,82,76,72,54,69,57,CB
755,Simona Necidová,Czech Republic,Slavia Praha,Czech Republic,29,74,50,26,51,43,76,72,48,52,19,20,71,63,23,34,22,38,45,39,42,49,76,58,66,80,70,81,75,66,71,60,77,75,CB
769,Julia Stierli,Switzerland,FC Zürich,Switzerland,26,74,60,48,49,42,76,65,59,60,30,54,75,50,23,59,38,28,25,25,60,60,70,76,60,77,73,78,76,73,72,60,65,70,CB
786,Laia Ballesté,Spain,Sporting Huelva,Spain,24,73,63,37,55,55,76,70,71,56,24,30,70,60,32,49,41,45,30,50,67,69,74,69,68,77,50,81,80,70,71,60,75,70,CB
789,Malia Berkely,United States,NC Courage,USA,25,73,54,41,57,60,75,66,55,53,44,38,72,61,32,41,42,52,33,51,68,58,72,69,63,74,71,76,75,73,75,51,73,65,CB
801,Laia Codina,Spain,Arsenal,England,23,73,51,42,63,60,76,67,51,51,34,43,75,66,39,41,60,55,40,40,57,52,68,75,67,75,69,76,80,72,65,66,62,81,CB
805,Mariam Diakité,Côte d'Ivoire,FC Fleury 91,France,28,73,60,51,51,44,75,66,53,66,40,37,67,51,34,54,39,35,66,41,39,60,71,58,66,71,74,75,78,74,72,53,68,77,CB
815,Niamh Fahey,Republic of Ireland,Liverpool,England,35,73,55,40,63,53,78,60,58,52,35,32,75,67,34,50,57,49,46,56,61,69,77,70,66,79,73,80,78,72,64,69,49,77,CB
826,Marion Haelewyn,France,Bordeaux,France,18,73,62,39,55,46,74,73,57,66,41,38,70,52,34,39,43,51,29,48,49,61,69,61,62,69,76,73,80,69,81,64,79,68,CB
861,Meikayla Moore,New Zealand,Glasgow City FC,Scotland,27,73,53,42,60,53,74,75,50,56,21,45,70,65,23,69,49,57,49,35,52,70,73,60,66,78,65,71,76,76,71,74,77,72,CB
865,Satara Murray,Jamaica,Bristol City,England,30,73,53,38,56,56,76,63,51,55,42,38,71,63,32,40,59,33,30,38,51,71,69,65,65,72,74,74,80,75,73,42,71,68,CB
869,Célina Ould Hocine,France,Paris FC,France,21,73,61,53,63,63,76,68,54,66,39,57,75,65,38,41,42,68,38,68,46,65,70,68,66,74,68,76,79,76,67,63,67,75,CB
887,Ana Seiça,Portugal,SL Benfica,Portugal,22,73,67,40,53,54,75,67,64,70,42,36,70,54,33,44,38,38,45,53,58,73,69,63,63,72,75,75,78,76,75,66,66,69,CB
899,Amelie Thöle,Germany,1. FC Nürnberg,Germany,20,73,58,39,53,49,76,64,61,56,24,45,74,53,28,58,35,45,33,35,50,60,75,74,66,74,72,81,74,73,72,63,62,69,CB
922,Federica Cafferata,Italy,Juventus,Italy,23,72,59,35,65,56,74,70,58,59,33,35,76,63,24,54,42,73,57,62,53,62,71,64,65,69,75,76,75,69,77,65,74,66,RB
1002,Jenna Winebrenner,United States,KC Current,USA,24,72,60,42,56,57,74,67,64,57,44,38,70,62,33,40,47,46,35,46,40,70,67,65,60,74,72,76,74,72,75,62,69,65,CB
1044,Phoebe McClernon,United States,OL Reign,United States,25,71,51,40,56,58,74,62,50,52,42,38,69,60,32,42,53,42,36,42,61,70,72,68,65,72,67,75,78,72,65,54,66,60,CB
794,Gemma Bonner,England,Liverpool,England,32,73,49,47,41,51,74,74,47,51,39,48,55,38,22,49,41,27,24,27,47,60,76,68,64,73,64,82,73,68,73,51,87,71,CB
122,Sophie Schmidt,Canada,Houston Dash,USA,35,83,53,75,77,79,80,73,52,53,81,74,83,81,65,76,85,62,68,67,55,71,84,85,82,85,63,78,86,78,68,79,72,68,CM
147,Yui Hasegawa,Japan,Manchester City,England,26,82,78,71,82,88,78,52,76,79,64,67,87,85,68,63,84,76,71,68,81,88,82,85,78,85,48,83,81,72,53,75,32,75,CDM
180,Katie Zelem,England,Manchester Utd,England,27,82,69,78,82,78,79,78,68,69,63,79,84,82,68,86,86,75,80,87,66,72,77,85,84,76,76,82,79,77,80,86,73,79,CDM
189,Daphne Corboz,France,Paris FC,France,30,81,65,76,82,82,70,67,64,66,80,72,85,82,61,71,84,79,70,72,70,86,78,84,79,77,46,73,73,62,61,79,65,60,CM
268,Estefanía Banini,Argentina,Atlético de Madrid,Spain,33,79,76,80,80,81,64,61,84,69,76,81,84,74,67,76,80,74,82,85,79,84,81,82,75,70,64,48,77,57,75,76,59,43,CM
291,Barbara Dunst,Austria,Frankfurt,Germany,26,79,57,68,76,80,75,69,71,45,73,70,85,78,64,70,73,69,64,66,83,70,86,84,69,82,55,82,73,70,68,80,64,70,CM
350,Kateřina Svitková,Czech Republic,Chelsea,England,27,79,77,76,76,86,71,69,75,79,76,76,77,72,70,66,75,79,69,86,78,72,79,84,65,75,73,68,73,67,77,80,63,68,CAM
369,Aida Esteve,Spain,Madrid CFF,Spain,22,78,69,71,77,80,70,63,69,69,72,71,85,72,54,66,79,68,66,65,77,73,75,80,62,71,54,66,80,61,63,73,58,64,CM
371,Laurina Fazer,France,Paris SG,France,19,78,83,71,72,85,67,59,79,87,77,68,79,73,59,61,79,57,59,68,90,84,75,84,80,76,54,65,69,59,63,74,49,66,CM
378,Honoka Hayashi,Japan,West Ham,England,25,78,78,70,78,79,62,56,78,78,77,63,79,78,64,68,83,73,65,75,75,80,79,85,72,63,57,59,65,62,60,74,41,68,CM
422,Manjou Wilde,Germany,1. FC Köln,Germany,28,78,68,67,74,77,72,66,69,67,79,72,81,76,62,62,82,59,60,59,70,58,79,80,64,78,53,72,76,68,65,75,63,63,CM
445,Estela Férnandez,Spain,Valencia CF,Spain,32,77,65,69,75,81,70,60,65,65,71,72,80,77,50,52,72,71,60,69,77,67,82,80,65,81,56,70,70,60,59,75,50,68,CM
447,Aurora Galli,Italy,Everton,England,26,77,74,72,74,76,66,61,76,72,80,72,83,77,56,56,76,60,60,73,85,85,72,79,73,69,34,69,72,69,55,79,54,58,CM
450,Irene Guerrero,Spain,Manchester Utd,England,26,77,71,67,68,74,72,62,76,67,73,74,81,78,27,52,75,43,49,44,64,72,76,77,65,74,77,62,80,66,79,75,57,56,CM
452,Paola Hernández,Spain,UDG Tenerife,Spain,21,77,73,75,75,81,70,58,75,71,75,80,80,76,65,68,75,70,71,66,78,72,69,80,68,70,69,61,80,65,71,74,56,40,CM
497,Hanna Bennison,Sweden,Everton,England,20,76,74,72,73,82,54,50,75,74,73,72,75,70,57,70,76,70,71,72,83,78,71,82,74,58,48,45,63,53,52,68,37,60,CAM
502,Belle Briede,United States,San Diego Wave,USA,25,76,52,68,70,74,68,60,51,53,74,68,78,73,53,62,79,51,64,55,73,69,78,78,76,74,54,65,71,65,54,74,53,63,CM
524,Alexandria Loy Hess,United States,MSV Duisburg,Germany,27,76,76,71,73,73,62,60,78,75,76,73,77,76,62,65,77,64,51,68,81,69,76,74,68,63,52,69,58,64,69,53,63,60,CAM
528,Léa Khelifi,France,Montpellier,France,24,76,78,68,74,82,65,63,83,73,75,68,77,71,62,62,77,68,73,72,81,68,66,82,75,69,55,61,69,62,72,69,60,63,CAM
553,Ria Percival,New Zealand,Spurs,England,33,76,69,70,76,76,71,60,68,70,78,72,78,77,63,66,78,68,69,81,72,84,73,77,76,69,57,70,78,71,62,73,54,60,CM
631,Emilia Larsson,Sweden,FC Rosengård,Sweden,25,75,67,70,72,77,63,62,68,66,70,75,78,71,65,50,73,69,55,63,59,77,74,80,60,58,62,70,60,59,69,70,63,47,LM
636,Silvia Lloris,Spain,Levante UD,Spain,19,75,80,68,73,77,69,66,79,80,72,70,80,77,63,59,70,66,66,64,73,77,69,77,67,70,57,69,75,65,72,70,62,69,CM
644,Narumi Miura,Japan,NC Courage,USA,26,75,62,70,71,73,71,61,59,65,67,72,79,75,53,65,78,55,67,46,71,83,76,78,67,72,58,72,75,68,59,69,54,69,CDM
647,Linda Motlhalo,South Africa,Glasgow City FC,Scotland,25,75,78,66,74,77,69,65,80,76,74,69,79,75,62,73,75,70,63,59,77,69,69,79,69,73,68,59,77,65,77,75,65,48,CM
666,Veatriki Sarri,Greece,Brighton,England,25,75,76,70,72,76,67,65,77,76,76,71,75,66,64,60,75,70,67,69,71,67,70,76,62,70,41,69,71,64,63,75,66,50,LM
701,Emily Curran,United States,Houston Dash,USA,27,74,55,67,71,76,70,62,57,54,74,64,77,71,59,59,75,61,67,58,71,74,71,77,66,72,61,68,74,67,60,76,54,64,CM
720,Taylor Hinds,England,Liverpool,England,24,74,76,59,71,73,66,64,74,77,54,67,79,67,40,52,60,72,65,66,77,58,73,76,56,65,58,70,66,63,67,78,56,68,LWB
734,Elise Legrout,France,AS Saint Étienne,France,26,74,71,69,71,77,64,63,75,68,71,72,75,73,47,68,73,64,58,65,74,73,71,79,68,67,43,64,68,63,59,85,57,53,CM
741,Joanne Love,Scotland,Glasgow City FC,Scotland,37,74,66,68,69,75,70,63,65,66,69,72,80,75,40,55,72,56,51,37,60,80,77,76,55,76,70,60,75,69,70,60,62,68,CM
752,Olivia Moultrie,United States,Portland Thorns,USA,18,74,67,72,71,76,65,55,68,67,73,78,77,74,59,65,74,59,62,56,64,68,75,73,68,73,53,64,68,59,52,73,43,62,CM
761,Nadine Riesen,Switzerland,Frankfurt,Germany,23,74,69,60,65,68,73,64,70,69,60,67,75,50,38,63,59,73,52,48,61,59,73,77,62,67,71,76,74,75,74,68,61,63,RB
765,Meredith Speck,United States,NC Courage,USA,30,74,69,66,75,74,64,60,67,70,75,68,78,68,61,59,78,76,58,72,66,72,75,76,78,67,59,66,68,45,62,70,53,66,CM
773,Marta Unzué,Spain,Athletic Club,Spain,35,74,66,72,74,55,72,68,65,67,73,74,77,75,69,70,80,65,72,69,67,69,69,72,75,75,60,72,75,70,68,68,66,71,CDM
779,Kerry Abello,United States,Orlando Pride,USA,24,73,72,64,71,74,70,64,73,71,69,67,76,68,46,46,69,70,55,67,65,54,75,76,68,72,64,66,75,67,70,74,58,67,CM
782,Ary Borges,Brazil,Rac. Louisville,USA,23,73,72,74,68,76,62,59,71,73,74,75,74,70,72,71,69,56,66,61,72,81,73,78,64,67,67,46,73,66,70,71,57,45,CM
790,Julia Bianchi,Brazil,Chicago Red Stars,USA,26,73,71,71,73,77,69,60,72,71,68,70,77,72,71,71,74,68,67,66,78,76,76,77,68,68,56,70,73,68,63,69,52,67,CDM
793,Laura Blindkilde Brown,England,Aston Villa,England,20,73,73,57,70,73,61,54,70,75,75,55,79,78,50,57,75,51,49,52,72,79,70,75,56,59,54,58,67,61,57,68,48,51,CM
800,Valéria Cantuário,Brazil,SL Benfica,Portugal,25,73,83,65,68,80,62,49,85,81,62,68,75,58,54,67,68,68,52,68,87,84,65,77,70,68,42,60,67,62,53,67,42,44,RW
813,Romane Enguehard,France,Havre AC,France,24,73,67,66,71,75,70,63,64,70,70,69,75,70,59,61,75,65,58,63,74,71,69,78,68,73,45,69,75,72,56,80,55,64,LB
814,Thelma Eninger,France,Stade de Reims,France,21,73,68,70,73,76,53,48,70,67,70,72,79,74,62,71,68,70,70,68,79,84,68,79,78,56,49,47,58,51,49,62,38,57,RW
821,Christy Gavory,France,Havre AC,France,25,73,70,68,72,78,62,56,73,67,69,64,74,71,52,61,73,71,71,70,83,90,68,76,72,71,48,59,65,56,51,77,38,75,CM
880,Nina Richard,France,En Avant Guingamp,France,23,73,69,59,67,76,66,58,73,65,74,59,75,71,51,44,78,47,43,54,69,85,70,73,56,73,46,65,72,61,58,69,52,59,CM
885,Caroline Siems,Germany,Leverkusen,Germany,24,73,79,67,71,77,71,63,81,77,76,71,74,64,62,49,72,75,50,64,75,38,75,74,63,70,64,76,70,66,77,62,64,59,RB
891,Lucy Staniforth,England,Aston Villa,England,31,73,75,66,70,75,63,53,78,73,71,66,78,72,53,53,70,60,53,64,82,81,75,77,75,73,45,59,68,60,54,68,44,56,CM
901,Sam Tierney,England,Leicester City,England,25,73,72,68,64,65,73,72,72,72,72,73,75,67,61,61,63,49,60,55,73,76,75,67,69,78,58,76,74,67,73,77,71,66,CDM
905,Laura Wienroither,Austria,Arsenal,England,24,73,72,52,65,70,72,48,73,72,65,52,76,65,45,53,48,72,34,60,60,77,69,71,70,78,51,75,73,69,52,67,34,60,RB
906,Julia Zigiotti,Sweden,Brighton,England,25,73,69,64,74,78,58,55,71,67,71,62,78,78,57,51,77,63,66,69,80,82,69,74,57,44,40,60,69,62,53,66,50,54,CM
911,Halimatu Ayinde,Nigeria,FC Rosengård,Sweden,28,72,69,62,60,50,73,69,68,69,45,71,70,65,22,50,65,39,52,45,74,76,71,67,71,77,55,74,77,70,67,75,67,69,CDM
943,Synne Skinnes Hansen,Norway,Leverkusen,Germany,28,72,69,62,64,65,72,57,63,73,68,63,72,53,61,62,53,73,40,64,58,72,72,70,67,69,74,73,72,70,74,63,63,32,RB
947,Océane Hurtré,France,Paris SG,France,19,72,73,70,71,74,65,62,77,70,69,69,75,68,65,59,63,75,66,80,79,76,68,75,70,69,57,59,73,59,73,61,67,48,LW
952,Rebecca Knaak,Germany,FC Rosengård,Sweden,27,72,65,65,73,70,69,63,64,65,73,69,76,72,59,70,70,74,69,69,65,78,71,73,71,69,71,68,72,56,73,65,62,59,CM
961,Andreia Faria,Portugal,SL Benfica,Portugal,23,72,67,62,72,75,70,60,66,68,68,63,77,75,44,50,70,68,48,74,72,80,74,74,69,72,58,70,74,66,64,65,58,59,CDM
999,Laura Vogt,Germany,1. FC Köln,Germany,22,72,67,62,65,71,56,55,70,64,76,61,73,68,37,61,70,44,55,66,63,67,72,76,63,70,49,31,70,69,53,72,45,57,CM
1004,Ainhoa Alguacil,Spain,Valencia CF,Spain,17,71,78,62,71,69,65,56,77,78,70,65,75,78,45,55,70,65,53,61,81,74,60,74,61,66,71,55,74,55,71,73,49,50,CM
1007,Naomie Bamenga,France,LOSC Lille,France,20,71,72,68,72,75,55,54,77,67,67,68,75,72,58,65,73,64,68,74,82,80,59,73,75,63,45,47,65,45,51,83,36,63,CM
1061,Frankie Tagliaferri,United States,NC Courage,USA,24,71,65,68,67,70,63,57,69,62,71,68,72,70,59,59,70,56,61,62,74,65,73,73,69,69,52,61,65,58,59,68,54,52,CAM
1077,Inès Benyahia,France,OL,France,20,70,69,62,67,74,64,59,72,67,64,63,71,65,60,60,72,59,63,68,73,63,66,75,71,69,52,58,72,63,64,70,58,48,CM
1080,Ryanne Brown,United States,OL Reign,United States,24,70,65,48,64,64,70,47,67,63,46,48,68,64,47,40,54,70,51,65,61,62,70,72,62,73,58,72,69,71,54,58,42,45,RB
1136,Kiki Pickett,United States,NC Courage,USA,24,70,59,50,63,67,69,42,61,58,52,48,65,63,55,44,55,70,49,65,67,84,74,73,63,75,54,72,68,70,46,54,33,48,LB
1141,Emma Ramírez,Spain,Real Sociedad,Spain,21,70,70,55,65,70,68,59,70,70,59,60,75,50,35,66,65,70,40,51,54,60,60,78,69,62,55,75,70,69,60,65,51,71,RB
1144,Clau Blanco,Spain,UDG Tenerife,Spain,26,70,78,69,70,75,64,51,79,77,60,70,76,66,61,53,65,72,63,62,78,80,71,70,71,70,45,60,70,60,51,64,36,71,RB
1183,Annika Enderle,Germany,SGS Essen,Germany,23,69,64,67,50,68,48,46,67,61,77,72,67,43,59,55,38,39,40,49,56,50,73,71,65,46,71,39,48,54,65,38,45,53,ST
1191,Anna Gasper,Germany,SL Benfica,Portugal,26,69,75,59,69,70,62,60,78,72,68,61,72,61,58,59,73,70,57,68,73,62,63,72,67,64,57,59,63,68,69,73,57,48,RW
1224,Jenna Nighswonger,United States,NJ/NY Gotham,USA,22,69,68,65,69,68,66,59,69,68,71,67,71,67,56,60,68,73,61,59,63,67,71,70,65,69,56,69,67,58,65,58,60,58,LB
1232,Clara Robbins,United States,NC Courage,USA,25,69,66,67,67,69,61,57,64,68,69,66,70,67,62,60,72,60,59,58,70,70,70,70,61,67,50,59,63,56,56,69,53,51,CM
1255,Faustine Bataillard,France,AS Saint Étienne,France,19,68,66,55,64,68,59,58,70,63,68,59,75,68,39,53,65,52,45,45,58,67,59,72,63,59,58,49,70,57,61,70,53,57,CM
1262,Tiffany Cameron,Jamaica,Real Betis,Spain,31,68,77,63,61,69,67,65,76,77,72,71,61,56,52,65,63,63,59,57,76,73,66,74,66,60,60,69,71,68,75,65,68,56,ST
1272,Josie Green,Wales,Leicester City,England,30,68,69,62,64,64,65,59,72,67,61,68,75,67,56,50,67,49,45,52,67,79,69,66,67,63,59,68,66,62,64,66,53,63,CDM
1274,Miku Ito,Japan,Sporting Huelva,Spain,23,68,69,63,69,70,63,58,69,69,65,61,75,70,59,59,69,59,60,65,70,69,60,70,71,59,60,66,65,55,66,60,59,50,CM
1289,Bárbara Olivieri,Venezuela,Houston Dash,USA,21,68,63,61,68,69,44,41,64,63,67,66,73,65,41,58,69,67,52,58,68,71,68,70,62,46,51,43,42,38,46,58,34,38,RW
1298,Maëlle Seguin,France,Bordeaux,France,19,68,47,56,63,68,56,53,51,44,59,59,75,69,51,41,63,44,43,53,60,70,66,72,57,65,45,44,68,53,45,67,48,51,CM
1305,Maisie Symonds,England,Brighton,England,20,68,64,64,67,71,62,59,66,63,69,63,75,74,60,48,69,54,47,59,68,73,59,72,60,63,49,58,69,65,64,41,71,49,CM
1315,Julia Aguado,Spain,Real Betis,Spain,23,67,57,62,67,72,62,59,67,49,67,61,68,65,63,62,69,66,62,62,77,70,67,70,62,67,58,61,62,56,66,61,63,46,CM
1344,Eva Van Deursen,Holland,Leverkusen,Germany,24,67,57,58,65,69,58,55,48,64,72,60,70,65,39,53,68,57,60,62,45,54,69,74,63,49,60,50,69,67,55,61,52,54,CAM
1385,Jessie Stapleton,Republic of Ireland,West Ham,England,18,65,63,54,55,57,66,62,62,63,42,65,67,58,43,53,54,42,41,32,60,64,68,65,62,60,69,70,66,63,70,59,64,57,CB
1394,Pilar Garrote,Spain,Levante LP,Spain,26,64,62,63,65,65,56,53,52,70,65,65,70,68,59,60,65,57,51,62,54,52,55,70,70,50,66,66,50,45,55,55,49,60,CM
1405,Emilie Bernhardt,Germany,SV Werder Bremen,Germany,21,63,61,46,58,60,67,46,53,67,39,49,68,66,23,55,59,43,41,34,57,63,67,68,59,66,58,72,67,61,47,41,41,63,CB
1422,Mia Eickmann,Germany,Leverkusen,Germany,20,62,54,60,60,63,48,43,40,66,60,60,67,60,54,62,59,59,35,41,36,68,59,70,59,55,39,34,59,49,27,59,33,50,CM
1425,Lucía Gómez,Spain,Villarreal CF,Spain,26,62,54,60,60,65,50,40,55,53,58,61,60,59,55,55,60,65,50,62,65,66,60,70,61,35,51,61,51,47,48,35,45,30,RW
1426,Sara López,Spain,Real Madrid CF,Spain,21,62,57,50,60,59,60,49,62,52,60,50,70,63,37,45,61,43,41,61,51,53,68,65,59,63,52,67,54,54,55,51,53,37,CM
1427,Thais Reiss,Brazil,Orlando Pride,USA,23,62,63,59,64,64,48,47,62,64,53,57,72,65,61,56,64,49,57,65,67,71,61,67,61,35,40,55,49,53,38,54,42,52,CM
1430,Daniela Arques,Spain,Levante UD,Spain,17,61,62,58,59,66,55,48,60,63,50,60,66,61,45,45,50,58,45,61,33,51,50,70,59,51,66,46,65,47,53,67,41,40,CM
1466,Lidia Sánchez,Spain,Real Betis,Spain,18,58,33,51,55,56,51,46,31,34,60,50,65,50,45,47,57,40,52,61,35,32,52,66,66,53,60,41,60,41,40,50,40,57,CM
1468,Chiara Hahn,Germany,SV Werder Bremen,Germany,21,57,38,53,51,59,49,46,43,34,53,57,59,55,28,42,55,36,36,34,58,37,57,61,52,56,47,41,53,51,32,59,37,54,CM
245,Emma Koivisto,Finland,Liverpool,England,29,80,76,61,69,66,82,78,80,73,69,68,73,65,48,67,65,75,60,60,73,71,80,70,77,81,77,84,83,80,87,84,75,74,RWB
337,Itziar Pinillos,Spain,Madrid CFF,Spain,22,79,74,53,71,77,73,73,75,73,60,50,78,75,54,54,59,74,50,60,81,81,78,79,71,75,35,75,80,77,62,86,70,66,RWB